289109.4042;0;14999.92748
288770.8326;0;14999.78262
288432.4751;0;14999.56562
288094.3319;0;14999.27665
287756.4029;0;14998.91592
287418.6881;0;14998.48359
287081.1875;0;14997.97987
286743.9011;0;14997.40493
286406.8289;0;14996.75897
286069.9708;0;14996.04217
285733.327;0;14995.25472
285396.8973;0;14994.3968
285060.6819;0;14993.4686
284724.6807;0;14992.47031
284388.8936;0;14991.40211
284053.3207;0;14990.26419
283717.9621;0;14989.05674
283382.8176;0;14987.77994
283047.8873;0;14986.43398
282713.1712;0;14985.01904
282378.6693;0;14983.53532
282044.3816;0;14981.98299
281710.3081;0;14980.36224
281376.4488;0;14978.67326
281042.8036;0;14976.91623
280709.3727;0;14975.09134
280376.1559;0;14973.19878
280043.1534;0;14971.23872
279710.365;0;14969.21137
279377.7908;0;14967.11689
279045.4308;0;14964.95548
278713.285;0;14962.72732
278381.3534;0;14960.4326
278049.6359;0;14958.0715
277718.1327;0;14955.6442
277386.8436;0;14953.1509
277055.7687;0;14950.59177
276724.9081;0;14947.967
276394.2616;0;14945.27678
276063.8292;0;14942.52129
275733.6111;0;14939.70072
275403.6072;0;14936.81524
275073.8174;0;14933.86505
274744.2418;0;14930.85032
274414.8804;0;14927.77125
274085.7332;0;14924.62802
273756.8002;0;14921.4208
273428.0814;0;14918.14979
273099.5767;0;14914.81517
272771.2862;0;14911.41712
272443.2099;0;14907.95583
272115.3478;0;14904.43148
271787.6999;0;14900.84425
271460.2661;0;14897.19433
271133.0466;0;14893.48191
270806.0412;0;14889.70715
270479.2499;0;14885.87026
270152.6729;0;14881.9714
269826.3101;0;14878.01077
269500.1614;0;14873.98855
269174.2269;0;14869.90492
268848.5066;0;14865.76007
268523.0004;0;14861.55417
268197.7085;0;14857.28741
267872.6307;0;14852.95997
267547.7671;0;14848.57204
267223.1177;0;14844.1238
266898.6824;0;14839.61542
266574.4613;0;14835.0471
266250.4544;0;14830.41902
265926.6617;0;14825.73136
265603.0832;0;14820.98429
265279.7188;0;14816.17801
264956.5686;0;14811.31269
264633.6326;0;14806.38852
264310.9107;0;14801.40568
263988.403;0;14796.36435
263666.1095;0;14791.26471
263344.0302;0;14786.10695
263022.165;0;14780.89124
262700.514;0;14775.61777
262379.0772;0;14770.28672
262057.8546;0;14764.89827
261736.8461;0;14759.4526
261416.0518;0;14753.9499
261095.4717;0;14748.39034
260775.1057;0;14742.7741
260454.9539;0;14737.10138
260135.0163;0;14731.37234
259815.2928;0;14725.58717
259495.7835;0;14719.74605
259176.4884;0;14713.84916
258857.4075;0;14707.89668
258538.5407;0;14701.8888
258219.8881;0;14695.82568
257901.4496;0;14689.70752
257583.2253;0;14683.5345
257265.2152;0;14677.30678
256947.4193;0;14671.02456
256629.8375;0;14664.68802
256312.4699;0;14658.29733
255995.3164;0;14651.85267
255678.3771;0;14645.35423
255361.652;0;14638.80218
255045.141;0;14632.19671
254728.8442;0;14625.53799
254412.7616;0;14618.8262
254096.8931;0;14612.06153
253781.2388;0;14605.24415
253465.7987;0;14598.37424
253150.5727;0;14591.45198
252835.5609;0;14584.47755
252520.7632;0;14577.45113
252206.1797;0;14570.37289
251891.8104;0;14563.24303
251577.6552;0;14556.06171
251263.7142;0;14548.82912
250949.9873;0;14541.54543
250636.4746;0;14534.21082
250323.1761;0;14526.82548
250010.0917;0;14519.38957
249697.2215;0;14511.90328
249384.5654;0;14504.36679
249072.1235;0;14496.78027
248759.8958;0;14489.14391
248447.8822;0;14481.45788
248136.0828;0;14473.72235
247824.4975;0;14465.93751
247513.1264;0;14458.10354
247201.9694;0;14450.22061
246891.0266;0;14442.2889
246580.2979;0;14434.30859
246269.7834;0;14426.27985
245959.4831;0;14418.20287
245649.3969;0;14410.07782
245339.5249;0;14401.90487
245029.867;0;14393.68421
244720.4233;0;14385.41601
244411.1937;0;14377.10045
244102.1783;0;14368.73771
243793.377;0;14360.32796
243484.7899;0;14351.87138
243176.4169;0;14343.36814
242868.2581;0;14334.81843
242560.3134;0;14326.22241
242252.5829;0;14317.58028
241945.0665;0;14308.89219
241637.7643;0;14300.15834
241330.6763;0;14291.37888
241023.8023;0;14282.55401
240717.1426;0;14273.6839
240410.697;0;14264.76872
240104.4655;0;14255.80865
239798.4482;0;14246.80386
239492.645;0;14237.75453
239187.056;0;14228.66084
238881.6811;0;14219.52296
238576.5203;0;14210.34107
238271.5737;0;14201.11534
237966.8413;0;14191.84595
237662.323;0;14182.53307
237358.0189;0;14173.17688
237053.9288;0;14163.77755
236750.053;0;14154.33526
236446.3913;0;14144.85018
236142.9437;0;14135.32249
235839.7103;0;14125.75236
235536.691;0;14116.13996
235233.8858;0;14106.48548
234931.2948;0;14096.78909
234628.918;0;14087.05095
234326.7553;0;14077.27125
234024.8067;0;14067.45016
233723.0722;0;14057.58785
233421.5519;0;14047.68449
233120.2458;0;14037.74027
232819.1538;0;14027.75535
232518.2759;0;14017.72991
232217.6122;0;14007.66411
231917.1626;0;13997.55815
231616.9271;0;13987.41218
231316.9058;0;13977.22639
231017.0986;0;13967.00094
230717.5056;0;13956.736
230418.1267;0;13946.43176
230118.9619;0;13936.08839
229820.0113;0;13925.70605
229521.2748;0;13915.28492
229222.7524;0;13904.82517
228924.4442;0;13894.32698
228626.3501;0;13883.79052
228328.4702;0;13873.21596
228030.8044;0;13862.60347
227733.3527;0;13851.95322
227436.1152;0;13841.2654
227139.0917;0;13830.54016
226842.2825;0;13819.77768
226545.6873;0;13808.97814
226249.3063;0;13798.1417
225953.1394;0;13787.26854
225657.1867;0;13776.35883
225361.4481;0;13765.41274
225065.9236;0;13754.43044
224770.6132;0;13743.41211
224475.517;0;13732.3579
224180.6349;0;13721.26801
223885.967;0;13710.14259
223591.5131;0;13698.98182
223297.2735;0;13687.78586
223003.2479;0;13676.5549
222709.4364;0;13665.2891
222415.8391;0;13653.98862
222122.4559;0;13642.65365
221829.2869;0;13631.28435
221536.332;0;13619.88089
221243.5912;0;13608.44345
220951.0645;0;13596.97219
220658.7519;0;13585.46728
220366.6535;0;13573.92889
220074.7692;0;13562.35719
219783.0991;0;13550.75236
219491.643;0;13539.11456
219200.4011;0;13527.44396
218909.3733;0;13515.74074
218618.5596;0;13504.00505
218327.9601;0;13492.23707
218037.5747;0;13480.43697
217747.4034;0;13468.60492
217457.4462;0;13456.74109
217167.7032;0;13444.84564
216878.1742;0;13432.91875
216588.8594;0;13420.96058
216299.7587;0;13408.97131
216010.8722;0;13396.9511
215722.1997;0;13384.90011
215433.7414;0;13372.81852
215145.4972;0;13360.7065
214857.4671;0;13348.56422
214569.6512;0;13336.39183
214282.0493;0;13324.18952
213994.6616;0;13311.95744
213707.488;0;13299.69577
213420.5285;0;13287.40467
213133.7831;0;13275.08432
212847.2519;0;13262.73487
212560.9347;0;13250.3565
212274.8317;0;13237.94937
211988.9428;0;13225.51365
211703.2681;0;13213.04951
211417.8074;0;13200.55712
211132.5608;0;13188.03663
210847.5284;0;13175.48823
210562.7101;0;13162.91206
210278.1059;0;13150.30831
209993.7158;0;13137.67714
209709.5398;0;13125.01871
209425.5779;0;13112.3332
209141.8302;0;13099.62076
208858.2966;0;13086.88156
208574.977;0;13074.11577
208291.8716;0;13061.32355
208008.9803;0;13048.50508
207726.3031;0;13035.66051
207443.8401;0;13022.79002
207161.5911;0;13009.89376
206879.5562;0;12996.9719
206597.7355;0;12984.02461
206316.1289;0;12971.05205
206034.7363;0;12958.0544
205753.5579;0;12945.0318
205472.5936;0;12931.98443
205191.8434;0;12918.91246
204911.3073;0;12905.81604
204630.9854;0;12892.69535
204350.8775;0;12879.55054
204070.9837;0;12866.38178
203791.3041;0;12853.18923
203511.8385;0;12839.97307
203232.5871;0;12826.73345
202953.5498;0;12813.47053
202674.7265;0;12800.18448
202396.1174;0;12786.87547
202117.7224;0;12773.54366
201839.5415;0;12760.18921
201561.5747;0;12746.81228
201283.8219;0;12733.41304
201006.2833;0;12719.99166
200728.9588;0;12706.54828
200451.8484;0;12693.08309
200174.9522;0;12679.59623
199898.27;0;12666.08788
199621.8019;0;12652.55819
199345.5479;0;12639.00733
199069.508;0;12625.43546
198793.6822;0;12611.84275
198518.0705;0;12598.22935
198242.673;0;12584.59542
197967.4895;0;12570.94114
197692.5201;0;12557.26666
197417.7648;0;12543.57214
197143.2236;0;12529.85774
196868.8965;0;12516.12363
196594.7836;0;12502.36997
196320.8847;0;12488.59691
196047.1999;0;12474.80463
195773.7292;0;12460.99328
195500.4726;0;12447.16302
195227.4301;0;12433.31401
194954.6017;0;12419.44642
194681.9874;0;12405.5604
194409.5872;0;12391.65612
194137.4011;0;12377.73373
193865.4291;0;12363.7934
193593.6711;0;12349.83529
193322.1273;0;12335.85955
193050.7976;0;12321.86635
192779.6819;0;12307.85584
192508.7804;0;12293.82819
192238.0929;0;12279.78356
191967.6196;0;12265.7221
191697.3603;0;12251.64397
191427.3151;0;12237.54934
191157.4841;0;12223.43837
190887.8671;0;12209.3112
190618.4642;0;12195.16801
190349.2754;0;12181.00895
190080.3006;0;12166.83418
189811.54;0;12152.64385
189542.9935;0;12138.43813
189274.661;0;12124.21718
189006.5427;0;12109.98115
188738.6384;0;12095.7302
188470.9482;0;12081.46449
188203.4721;0;12067.18418
187936.2101;0;12052.88942
187669.1622;0;12038.58037
187402.3284;0;12024.2572
187135.7086;0;12009.92005
186869.303;0;11995.56909
186603.1114;0;11981.20447
186337.1339;0;11966.82636
186071.3705;0;11952.4349
185805.8212;0;11938.03025
185540.486;0;11923.61257
185275.3648;0;11909.18202
185010.4578;0;11894.73875
184745.7648;0;11880.28293
184481.2859;0;11865.8147
184217.0211;0;11851.33422
183952.9704;0;11836.84166
183689.1337;0;11822.33715
183425.5112;0;11807.82087
183162.1027;0;11793.29297
182898.9083;0;11778.75359
182635.928;0;11764.20291
182373.1617;0;11749.64106
182110.6096;0;11735.06822
181848.2715;0;11720.48453
181586.1475;0;11705.89014
181324.2376;0;11691.28522
181062.5418;0;11676.66992
180801.06;0;11662.04439
180539.7923;0;11647.40879
180278.7388;0;11632.76327
180017.8992;0;11618.10798
179757.2738;0;11603.44309
179496.8624;0;11588.76873
179236.6651;0;11574.08508
178976.6819;0;11559.39228
178716.9128;0;11544.69048
178457.3577;0;11529.97984
178198.0168;0;11515.26051
177938.8898;0;11500.53265
177679.977;0;11485.79641
177421.2783;0;11471.05194
177162.7936;0;11456.29939
176904.523;0;11441.53892
176646.4664;0;11426.77068
176388.624;0;11411.99483
176130.9956;0;11397.2115
175873.5813;0;11382.42087
175616.381;0;11367.62307
175359.3949;0;11352.81827
175102.6228;0;11338.00661
174846.0647;0;11323.18824
174589.7208;0;11308.36332
174333.5909;0;11293.532
174077.6751;0;11278.69443
173821.9733;0;11263.85076
173566.4857;0;11249.00114
173311.2121;0;11234.14572
173056.1525;0;11219.28466
172801.3071;0;11204.4181
172546.6757;0;11189.54619
172292.2583;0;11174.66909
172038.0551;0;11159.78695
171784.0659;0;11144.89992
171530.2907;0;11130.00813
171276.7297;0;11115.11176
171023.3827;0;11100.21094
170770.2498;0;11085.30583
170517.3309;0;11070.39657
170264.6261;0;11055.48332
170012.1354;0;11040.56622
169759.8587;0;11025.64542
169507.7961;0;11010.72108
169255.9475;0;10995.79334
169004.3131;0;10980.86234
168752.8927;0;10965.92825
168501.6863;0;10950.9912
168250.694;0;10936.05135
167999.9158;0;10921.10884
167749.3516;0;10906.16382
167499.0015;0;10891.21644
167248.8655;0;10876.26685
166998.9435;0;10861.31519
166749.2356;0;10846.36161
166499.7418;0;10831.40627
166250.462;0;10816.4493
166001.3962;0;10801.49086
165752.5446;0;10786.53109
165503.9069;0;10771.57013
165255.4834;0;10756.60814
165007.2739;0;10741.64526
164759.2785;0;10726.68164
164511.4971;0;10711.71743
164263.9297;0;10696.75276
164016.5765;0;10681.78779
163769.4373;0;10666.82267
163522.5121;0;10651.85753
163275.801;0;10636.89252
163029.304;0;10621.9278
162783.021;0;10606.96349
162536.9521;0;10591.99976
162291.0972;0;10577.03674
162045.4564;0;10562.07458
161800.0296;0;10547.11343
161554.8169;0;10532.15342
161309.8182;0;10517.19471
161065.0336;0;10502.23744
160820.4631;0;10487.28174
160576.1066;0;10472.32778
160331.9641;0;10457.37568
160088.0357;0;10442.4256
159844.3214;0;10427.47767
159600.8211;0;10412.53205
159357.5348;0;10397.58886
159114.4626;0;10382.64827
158871.6045;0;10367.71041
158628.9604;0;10352.77542
158386.5304;0;10337.84344
158144.3144;0;10322.91462
157902.3124;0;10307.98911
157660.5245;0;10293.06703
157418.9507;0;10278.14855
157177.5909;0;10263.23379
156936.4451;0;10248.3229
156695.5134;0;10233.41602
156454.7958;0;10218.51329
156214.2922;0;10203.61486
155974.0026;0;10188.72086
155733.9271;0;10173.83143
155494.0656;0;10158.94673
155254.4182;0;10144.06688
155014.9848;0;10129.19203
154775.7655;0;10114.32233
154536.7602;0;10099.4579
154297.9689;0;10084.59889
154059.3917;0;10069.74544
153821.0286;0;10054.89769
153582.8794;0;10040.05578
153344.9444;0;10025.21985
153107.2233;0;10010.39003
152869.7163;0;9995.566478
152632.4234;0;9980.74932
152395.3445;0;9965.938699
152158.4796;0;9951.134752
151921.8288;0;9936.337618
151685.392;0;9921.547437
151449.1692;0;9906.764346
151213.1605;0;9891.988483
150977.3659;0;9877.219988
150741.7852;0;9862.458997
150506.4187;0;9847.705648
150271.2661;0;9832.960079
150036.3276;0;9818.222427
149801.6031;0;9803.492831
149567.0927;0;9788.771425
149332.7963;0;9774.058349
149098.7139;0;9759.353738
148864.8456;0;9744.657729
148631.1913;0;9729.970458
148397.751;0;9715.292063
148164.5248;0;9700.622678
147931.5126;0;9685.962441
147698.7145;0;9671.311487
147466.1304;0;9656.669951
147233.7603;0;9642.037969
147001.6042;0;9627.415676
146769.6622;0;9612.803208
146537.9342;0;9598.2007
146306.4203;0;9583.608286
146075.1204;0;9569.026102
145844.0345;0;9554.454281
145613.1626;0;9539.892958
145382.5048;0;9525.342268
145152.061;0;9510.802343
144921.8312;0;9496.27332
144691.8155;0;9481.755329
144462.0138;0;9467.248507
144232.4262;0;9452.752985
144003.0525;0;9438.268897
143773.8929;0;9423.796377
143544.9473;0;9409.335556
143316.2158;0;9394.886568
143087.6982;0;9380.449545
142859.3947;0;9366.02462
142631.3053;0;9351.611924
142403.4298;0;9337.211591
142175.7684;0;9322.82375
141948.321;0;9308.448536
141721.0877;0;9294.086078
141494.0683;0;9279.736508
141267.263;0;9265.399958
141040.6717;0;9251.076558
140814.2945;0;9236.766439
140588.1312;0;9222.469732
140362.182;0;9208.186568
140136.4468;0;9193.917076
139910.9257;0;9179.661387
139685.6185;0;9165.419631
139460.5254;0;9151.191937
139235.6463;0;9136.978436
139010.9812;0;9122.779256
138786.5302;0;9108.594527
138562.2931;0;9094.424378
138338.2701;0;9080.268938
138114.4611;0;9066.128335
137890.8662;0;9052.002699
137667.4852;0;9037.892157
137444.3183;0;9023.796838
137221.3654;0;9009.71687
136998.6265;0;8995.65238
136776.1016;0;8981.603496
136553.7908;0;8967.570347
136331.6939;0;8953.553058
136109.8111;0;8939.551758
135888.1423;0;8925.566572
135666.6875;0;8911.597629
135445.4468;0;8897.645054
135224.42;0;8883.708974
135003.6073;0;8869.789514
134783.0086;0;8855.886802
134562.6239;0;8842.000963
134342.4532;0;8828.132122
134122.4965;0;8814.280406
133902.7538;0;8800.445938
133683.2252;0;8786.628845
133463.9106;0;8772.829252
133244.81;0;8759.047282
133025.9234;0;8745.283061
132807.2508;0;8731.536713
132588.7922;0;8717.808363
132370.5476;0;8704.098133
132152.5171;0;8690.406148
131934.7005;0;8676.732532
131717.098;0;8663.077407
131499.7095;0;8649.440898
131282.535;0;8635.823127
131065.5745;0;8622.224217
130848.828;0;8608.64429
130632.2955;0;8595.08347
130415.977;0;8581.541877
130199.8726;0;8568.019636
129983.9821;0;8554.516866
129768.3057;0;8541.033691
129552.8433;0;8527.570231
129337.5948;0;8514.126608
129122.5604;0;8500.702942
128907.74;0;8487.299356
128693.1336;0;8473.915968
128478.7412;0;8460.552901
128264.5628;0;8447.210274
128050.5984;0;8433.888208
127836.848;0;8420.586821
127623.3117;0;8407.306235
127409.9893;0;8394.046569
127196.8809;0;8380.807941
126983.9866;0;8367.590471
126771.3062;0;8354.394278
126558.8398;0;8341.21948
126346.5875;0;8328.066197
126134.5491;0;8314.934546
125922.7248;0;8301.824646
125711.1144;0;8288.736614
125499.7181;0;8275.670568
125288.5357;0;8262.626626
125077.5674;0;8249.604905
124866.8131;0;8236.605521
124656.2727;0;8223.628593
124445.9464;0;8210.674236
124235.834;0;8197.742567
124025.9357;0;8184.833703
123816.2513;0;8171.947759
123606.781;0;8159.084851
123397.5247;0;8146.245095
123188.4823;0;8133.428606
122979.654;0;8120.6355
122771.0396;0;8107.865891
122562.6392;0;8095.119894
122354.4529;0;8082.397624
122146.4805;0;8069.699196
121938.7222;0;8057.024722
121731.1778;0;8044.374319
121523.8474;0;8031.748098
121316.731;0;8019.146174
121109.8286;0;8006.568659
120903.1402;0;7994.015668
120696.6659;0;7981.487312
120490.4054;0;7968.983705
120284.359;0;7956.504959
120078.5266;0;7944.051186
119872.9082;0;7931.622498
119667.3475;0;7919.213425
119461.8451;0;7906.823926
119256.4017;0;7894.453958
119051.0178;0;7882.103479
118845.6941;0;7869.772447
118640.4312;0;7857.460821
118435.2297;0;7845.168558
118230.0903;0;7832.895618
118025.0134;0;7820.641958
117819.9999;0;7808.407537
117615.0502;0;7796.192313
117410.1649;0;7783.996244
117205.3447;0;7771.81929
117000.5902;0;7759.661409
116795.902;0;7747.52256
116591.2807;0;7735.402701
116386.7269;0;7723.301792
116182.2412;0;7711.219791
115977.8241;0;7699.156657
115773.4764;0;7687.112348
115569.1986;0;7675.086826
115364.9912;0;7663.080047
115160.855;0;7651.091972
114956.7904;0;7639.122559
114752.7982;0;7627.171769
114548.8788;0;7615.23956
114345.0328;0;7603.325892
114141.261;0;7591.430724
113937.5637;0;7579.554016
113733.9418;0;7567.695727
113530.3956;0;7555.855818
113326.9259;0;7544.034247
113123.5332;0;7532.230975
112920.218;0;7520.445961
112716.981;0;7508.679166
112513.8228;0;7496.930549
112310.7439;0;7485.20007
112107.745;0;7473.487689
111904.8265;0;7461.793367
111701.9891;0;7450.117064
111499.2334;0;7438.458739
111296.5599;0;7426.818354
111093.9691;0;7415.195869
110891.4618;0;7403.591243
110689.0384;0;7392.004439
110486.6996;0;7380.435415
110284.4458;0;7368.884133
110082.2777;0;7357.350553
109880.1958;0;7345.834637
109678.2007;0;7334.336344
109476.293;0;7322.855637
109274.4733;0;7311.392475
109072.742;0;7299.946819
108871.0998;0;7288.518631
108669.5472;0;7277.107873
108468.0848;0;7265.714504
108266.7131;0;7254.338486
108065.4327;0;7242.97978
107864.2442;0;7231.638349
107663.1482;0;7220.314152
107462.1451;0;7209.007152
107261.2355;0;7197.71731
107060.42;0;7186.444588
106859.6991;0;7175.188947
106659.0734;0;7163.950349
106458.5435;0;7152.728756
106258.1098;0;7141.524129
106057.773;0;7130.336431
105857.5335;0;7119.165623
105657.392;0;7108.011667
105457.349;0;7096.874526
105257.405;0;7085.754161
105057.5605;0;7074.650534
104857.8161;0;7063.563609
104658.1724;0;7052.493346
104458.6298;0;7041.439709
104259.189;0;7030.40266
104059.8504;0;7019.382161
103860.6147;0;7008.378175
103661.4822;0;6997.390665
103462.4536;0;6986.419592
103263.5294;0;6975.46492
103064.7101;0;6964.526612
102865.9963;0;6953.60463
102667.3885;0;6942.698938
102468.8872;0;6931.809497
102270.493;0;6920.936272
102072.2063;0;6910.079224
101874.0277;0;6899.238319
101675.9577;0;6888.413517
101477.9969;0;6877.604784
101280.1457;0;6866.812081
101082.4047;0;6856.035373
100884.7745;0;6845.274623
100687.2554;0;6834.529794
100489.8481;0;6823.800849
100292.5531;0;6813.087754
100095.3708;0;6802.39047
99898.30188;0;6791.708962
99701.34672;0;6781.043193
99504.50588;0;6770.393128
99307.77987;0;6759.758731
99111.1692;0;6749.139964
98914.67438;0;6738.536793
98718.29591;0;6727.949181
98522.03431;0;6717.377092
98325.89008;0;6706.820491
98129.86373;0;6696.279342
97933.95576;0;6685.75361
97738.16666;0;6675.243257
97542.49695;0;6664.74825
97346.94713;0;6654.268552
97151.51769;0;6643.804129
96956.20913;0;6633.354944
96761.02195;0;6622.920962
96565.95665;0;6612.502148
96371.01371;0;6602.098467
96176.19365;0;6591.709884
95981.49694;0;6581.336363
95786.92408;0;6570.97787
95592.47556;0;6560.63437
95398.15188;0;6550.305827
95203.95351;0;6539.992206
95009.88095;0;6529.693474
94815.93469;0;6519.409596
94622.1152;0;6509.140535
94428.42298;0;6498.886259
94234.8585;0;6488.646732
94041.42226;0;6478.42192
93848.11472;0;6468.211789
93654.93638;0;6458.016303
93461.8877;0;6447.835429
93268.96917;0;6437.669133
93076.18127;0;6427.517381
92883.52446;0;6417.380137
92690.99923;0;6407.257368
92498.60605;0;6397.149041
92306.34539;0;6387.055121
92114.21772;0;6376.975573
91922.22351;0;6366.910366
91730.36324;0;6356.859463
91538.63736;0;6346.822833
91347.04635;0;6336.800441
91155.59068;0;6326.792253
90964.2708;0;6316.798237
90773.08718;0;6306.818358
90582.04029;0;6296.852583
90391.13058;0;6286.900879
90200.35852;0;6276.963213
90009.72456;0;6267.03955
89819.22917;0;6257.129859
89628.87281;0;6247.234106
89438.65592;0;6237.352257
89248.57896;0;6227.48428
89058.64239;0;6217.630143
88868.84666;0;6207.789811
88679.19222;0;6197.963252
88489.67953;0;6188.150434
88300.30903;0;6178.351323
88111.08117;0;6168.565888
87921.9964;0;6158.794095
87733.05516;0;6149.035912
87544.25791;0;6139.291306
87355.60508;0;6129.560245
87167.09712;0;6119.842697
86978.73448;0;6110.138629
86790.51758;0;6100.44801
86602.44688;0;6090.770806
86414.52281;0;6081.106987
86226.7458;0;6071.456519
86039.11631;0;6061.819371
85851.63475;0;6052.195511
85664.30157;0;6042.584907
85477.1172;0;6032.987527
85290.08207;0;6023.403339
85103.19662;0;6013.832312
84916.46127;0;6004.274415
84729.87645;0;5994.729614
84543.4426;0;5985.19788
84357.16013;0;5975.67918
84171.02948;0;5966.173484
83985.05106;0;5956.680759
83799.22531;0;5947.200975
83613.55265;0;5937.7341
83428.03349;0;5928.280103
83242.66826;0;5918.838954
83057.45738;0;5909.41062
82872.40127;0;5899.995071
82687.50033;0;5890.592277
82502.755;0;5881.202205
82318.16568;0;5871.824826
82133.73279;0;5862.460109
81949.45674;0;5853.108023
81765.33795;0;5843.768537
81581.37682;0;5834.441621
81397.57377;0;5825.127244
81213.92919;0;5815.825376
81030.44351;0;5806.535987
80847.11713;0;5797.259045
80663.95045;0;5787.994522
80480.94387;0;5778.742386
80298.09781;0;5769.502608
80115.41265;0;5760.275157
79932.88881;0;5751.060003
79750.52669;0;5741.857117
79568.32668;0;5732.666469
79386.28917;0;5723.488028
79204.41458;0;5714.321765
79022.70329;0;5705.167651
78841.15569;0;5696.025654
78659.77219;0;5686.895747
78478.55317;0;5677.777899
78297.49902;0;5668.67208
78116.61014;0;5659.578263
77935.88691;0;5650.496416
77755.32973;0;5641.426511
77574.93898;0;5632.368518
77394.71504;0;5623.322408
77214.6583;0;5614.288153
77034.76915;0;5605.265723
76855.04796;0;5596.255088
76675.49512;0;5587.256221
76496.11102;0;5578.269092
76316.89602;0;5569.293673
76137.8505;0;5560.329933
75958.97486;0;5551.377846
75780.26945;0;5542.437382
75601.73466;0;5533.508512
75423.37086;0;5524.591209
75245.17842;0;5515.685443
75067.15771;0;5506.791186
74889.30912;0;5497.90841
74711.63299;0;5489.037086
74534.12972;0;5480.177187
74356.79965;0;5471.328684
74179.64316;0;5462.491548
74002.66062;0;5453.665753
73825.85238;0;5444.851269
73649.21882;0;5436.04807
73472.76029;0;5427.256126
73296.47715;0;5418.47541
73120.36977;0;5409.705895
72944.43851;0;5400.947553
72768.68371;0;5392.200356
72593.10574;0;5383.464276
72417.70496;0;5374.739286
72242.48172;0;5366.025359
72067.43637;0;5357.322467
71892.56926;0;5348.630583
71717.88075;0;5339.949679
71543.37119;0;5331.279728
71369.04092;0;5322.620703
71194.89029;0;5313.972578
71020.91966;0;5305.335324
70847.12936;0;5296.708915
70673.51975;0;5288.093324
70500.09116;0;5279.488524
70326.84394;0;5270.894489
70153.77843;0;5262.311191
69980.89497;0;5253.738603
69808.1939;0;5245.1767
69635.67556;0;5236.625455
69463.34029;0;5228.084841
69291.18841;0;5219.554831
69119.22028;0;5211.0354
68947.43622;0;5202.526521
68775.83656;0;5194.028167
68604.42164;0;5185.540313
68433.19178;0;5177.062932
68262.14732;0;5168.595998
68091.28859;0;5160.139485
67920.61591;0;5151.693368
67750.12961;0;5143.257619
67579.83002;0;5134.832215
67409.71746;0;5126.417127
67239.79225;0;5118.012332
67070.05471;0;5109.617802
66900.50518;0;5101.233514
66731.14395;0;5092.85944
66561.97137;0;5084.495555
66392.98774;0;5076.141835
66224.19337;0;5067.798253
66055.5886;0;5059.464785
65887.17372;0;5051.141405
65718.94906;0;5042.828087
65550.91493;0;5034.524807
65383.07163;0;5026.23154
65215.41948;0;5017.94826
65047.95879;0;5009.674943
64880.68987;0;5001.411564
64713.61301;0;4993.158098
64546.72854;0;4984.914519
64380.03675;0;4976.680804
64213.53795;0;4968.456928
64047.23244;0;4960.242866
63881.12052;0;4952.038593
63715.2025;0;4943.844085
63549.47867;0;4935.659318
63383.94932;0;4927.484267
63218.61477;0;4919.318908
63053.4753;0;4911.163217
62888.53121;0;4903.017169
62723.7828;0;4894.88074
62559.23035;0;4886.753907
62394.87416;0;4878.636645
62230.71452;0;4870.52893
62066.75172;0;4862.430738
61902.98604;0;4854.342047
61739.41779;0;4846.26283
61576.04723;0;4838.193066
61412.87467;0;4830.132731
61249.90037;0;4822.0818
61087.12464;0;4814.04025
60924.54774;0;4806.008058
60762.16996;0;4797.985201
60599.99157;0;4789.971654
60438.01287;0;4781.967395
60276.23412;0;4773.972401
60114.65561;0;4765.986648
59953.27761;0;4758.010113
59792.10038;0;4750.042773
59631.12422;0;4742.084605
59470.34939;0;4734.135586
59309.77615;0;4726.195694
59149.40479;0;4718.264905
58989.23557;0;4710.343196
58829.26876;0;4702.430546
58669.50462;0;4694.526931
58509.94343;0;4686.632329
58350.58544;0;4678.746716
58191.43092;0;4670.870072
58032.48014;0;4663.002373
57873.73336;0;4655.143597
57715.19083;0;4647.293721
57556.85281;0;4639.452724
57398.71957;0;4631.620584
57240.79136;0;4623.797277
57083.06844;0;4615.982783
56925.55107;0;4608.177078
56768.23949;0;4600.380142
56611.13396;0;4592.591952
56454.23473;0;4584.812487
56297.54206;0;4577.041724
56141.05619;0;4569.279643
55984.77737;0;4561.526221
55828.70585;0;4553.781437
55672.84188;0;4546.045269
55517.1857;0;4538.317696
55361.73756;0;4530.598696
55206.4977;0;4522.888249
55051.46636;0;4515.186332
54896.64378;0;4507.492925
54742.03021;0;4499.808007
54587.62588;0;4492.131556
54433.43103;0;4484.463551
54279.44589;0;4476.803972
54125.67071;0;4469.152797
53972.10572;0;4461.510005
53818.75115;0;4453.875577
53665.60723;0;4446.24949
53512.6742;0;4438.631725
53359.95229;0;4431.022261
53207.44172;0;4423.421076
53055.14273;0;4415.828152
52903.05553;0;4408.243466
52751.18036;0;4400.667
52599.51745;0;4393.098732
52448.06701;0;4385.538642
52296.82927;0;4377.98671
52145.80445;0;4370.442916
51994.99278;0;4362.90724
51844.39446;0;4355.379661
51694.00972;0;4347.860161
51543.83878;0;4340.348718
51393.88186;0;4332.845313
51244.13916;0;4325.349927
51094.6109;0;4317.862539
50945.2973;0;4310.38313
50796.19857;0;4302.91168
50647.31492;0;4295.448169
50498.64656;0;4287.992579
50350.1937;0;4280.54489
50201.95654;0;4273.105082
50053.93529;0;4265.673136
49906.13017;0;4258.249033
49758.54136;0;4250.832753
49611.16908;0;4243.424278
49464.01353;0;4236.023588
49317.07491;0;4228.630665
49170.35342;0;4221.245489
49023.84926;0;4213.868041
48877.56262;0;4206.498304
48731.49371;0;4199.136257
48585.64272;0;4191.781882
48440.00984;0;4184.435161
48294.59527;0;4177.096074
48149.39921;0;4169.764604
48004.42183;0;4162.440732
47859.66334;0;4155.124439
47715.12392;0;4147.815708
47570.80377;0;4140.514519
47426.70306;0;4133.220855
47282.82198;0;4125.934697
47139.16072;0;4118.656027
46995.71947;0;4111.384827
46852.49841;0;4104.12108
46709.49771;0;4096.864767
46566.71756;0;4089.61587
46424.15814;0;4082.374371
46281.81963;0;4075.140253
46139.7022;0;4067.913499
45997.80603;0;4060.694089
45856.1313;0;4053.482008
45714.67819;0;4046.277236
45573.44685;0;4039.079758
45432.43747;0;4031.889554
45291.65022;0;4024.706609
45151.08527;0;4017.530904
45010.74279;0;4010.362423
44870.62293;0;4003.201148
44730.72588;0;3996.047062
44591.0518;0;3988.900149
44451.60085;0;3981.76039
44312.37319;0;3974.62777
44173.36899;0;3967.502271
44034.58841;0;3960.383876
43896.03161;0;3953.272569
43757.69874;0;3946.168333
43619.58998;0;3939.071152
43481.70546;0;3931.981008
43344.04536;0;3924.897885
43206.60982;0;3917.821768
43069.39899;0;3910.752638
42932.41304;0;3903.690481
42795.65211;0;3896.63528
42659.11636;0;3889.587018
42522.80592;0;3882.54568
42386.72096;0;3875.511248
42250.86161;0;3868.483708
42115.22804;0;3861.463044
41979.82037;0;3854.449238
41844.63875;0;3847.442276
41709.68333;0;3840.442142
41574.95425;0;3833.44882
41440.45165;0;3826.462294
41306.17567;0;3819.482548
41172.12645;0;3812.509567
41038.30412;0;3805.543336
40904.70883;0;3798.583839
40771.3407;0;3791.631061
40638.19988;0;3784.684986
40505.28649;0;3777.745599
40372.60067;0;3770.812884
40240.14255;0;3763.886828
40107.91226;0;3756.967414
39975.90993;0;3750.054627
39844.13568;0;3743.148453
39712.58965;0;3736.248877
39581.27196;0;3729.355884
39450.18272;0;3722.469458
39319.32208;0;3715.589586
39188.69015;0;3708.716252
39058.28705;0;3701.849442
38928.11289;0;3694.989142
38798.16781;0;3688.135337
38668.45192;0;3681.288011
38538.96534;0;3674.447152
38409.70818;0;3667.612745
38280.68055;0;3660.784775
38151.88258;0;3653.963229
38023.31437;0;3647.148091
37894.97604;0;3640.339349
37766.86769;0;3633.536988
37638.98945;0;3626.740993
37511.3414;0;3619.951352
37383.92367;0;3613.16805
37256.73635;0;3606.391074
37129.77956;0;3599.620409
37003.0534;0;3592.856042
36876.55797;0;3586.09796
36750.29338;0;3579.346149
36624.25971;0;3572.600595
36498.45709;0;3565.861286
36372.88559;0;3559.128206
36247.54533;0;3552.401345
36122.43639;0;3545.680687
35997.55888;0;3538.96622
35872.91289;0;3532.257931
35748.4985;0;3525.555806
35624.31582;0;3518.859834
35500.36494;0;3512.169999
35376.64594;0;3505.486291
35253.15891;0;3498.808695
35129.90395;0;3492.1372
35006.88113;0;3485.471792
34884.09056;0;3478.812459
34761.5323;0;3472.159188
34639.20644;0;3465.511967
34517.11307;0;3458.870783
34395.25227;0;3452.235623
34273.62412;0;3445.606476
34152.2287;0;3438.983329
34031.06608;0;3432.36617
33910.13635;0;3425.754987
33789.43957;0;3419.149767
33668.97583;0;3412.550498
33548.7452;0;3405.957169
33428.74776;0;3399.369767
33308.98356;0;3392.788281
33189.4527;0;3386.212698
33070.15522;0;3379.643008
32951.09121;0;3373.079198
32832.26073;0;3366.521256
32713.66385;0;3359.969172
32595.30063;0;3353.422933
32477.17114;0;3346.882528
32359.27543;0;3340.347946
32241.61358;0;3333.819174
32124.18565;0;3327.296203
32006.99169;0;3320.779021
31890.03176;0;3314.267616
31773.30592;0;3307.761978
31656.81423;0;3301.262094
31540.55674;0;3294.767956
31424.53351;0;3288.27955
31308.74459;0;3281.796868
31193.19004;0;3275.319897
31077.8699;0;3268.848626
30962.78423;0;3262.383047
30847.93307;0;3255.923146
30733.31648;0;3249.468915
30618.9345;0;3243.020343
30504.78717;0;3236.577418
30390.87454;0;3230.140131
30277.19666;0;3223.708471
30163.75357;0;3217.282429
30050.54531;0;3210.861993
29937.57192;0;3204.447153
29824.83344;0;3198.037901
29712.32991;0;3191.634224
29600.06136;0;3185.236114
29488.02784;0;3178.843561
29376.22938;0;3172.456554
29264.666;0;3166.075084
29153.33776;0;3159.699141
29042.24467;0;3153.328716
28931.38676;0;3146.963798
28820.76408;0;3140.604379
28710.37665;0;3134.250448
28600.22448;0;3127.901997
28490.30762;0;3121.559015
28380.62609;0;3115.221493
28271.17991;0;3108.889423
28161.9691;0;3102.562795
28052.99369;0;3096.2416
27944.2537;0;3089.925828
27835.74915;0;3083.615471
27727.48006;0;3077.31052
27619.44644;0;3071.010966
27511.64832;0;3064.716799
27404.08571;0;3058.428012
27296.75862;0;3052.144594
27189.66706;0;3045.866539
27082.81106;0;3039.593837
26976.19062;0;3033.326479
26869.80575;0;3027.064457
26763.65647;0;3020.807762
26657.74277;0;3014.556387
26552.06467;0;3008.310322
26446.62218;0;3002.06956
26341.41529;0;2995.834093
26236.44402;0;2989.603911
26131.70837;0;2983.379008
26027.20833;0;2977.159374
25922.94391;0;2970.945003
25818.91511;0;2964.735886
25715.12193;0;2958.532015
25611.56436;0;2952.333382
25508.2424;0;2946.139981
25405.15605;0;2939.951802
25302.30531;0;2933.768839
25199.69015;0;2927.591084
25097.31059;0;2921.418529
24995.1666;0;2915.251167
24893.25818;0;2909.088991
24791.58532;0;2902.931993
24690.148;0;2896.780166
24588.94622;0;2890.633502
24487.97995;0;2884.491996
24387.24919;0;2878.355639
24286.75391;0;2872.224424
24186.4941;0;2866.098345
24086.46974;0;2859.977395
23986.68081;0;2853.861566
23887.12729;0;2847.750853
23787.80916;0;2841.645248
23688.7264;0;2835.544744
23589.87898;0;2829.449335
23491.26687;0;2823.359015
23392.89006;0;2817.273777
23294.74851;0;2811.193615
23196.84219;0;2805.118521
23099.17108;0;2799.04849
23001.73514;0;2792.983516
22904.53435;0;2786.923593
22807.56868;0;2780.868713
22710.83807;0;2774.818872
22614.34252;0;2768.774063
22518.08197;0;2762.73428
22422.05639;0;2756.699517
22326.26575;0;2750.669769
22230.71;0;2744.64503
22135.3891;0;2738.625293
22040.30302;0;2732.610554
21945.45171;0;2726.600807
21850.83512;0;2720.596045
21756.45322;0;2714.596264
21662.30596;0;2708.601459
21568.39329;0;2702.611623
21474.71517;0;2696.626752
21381.27153;0;2690.64684
21288.06235;0;2684.671882
21195.08756;0;2678.701873
21102.34711;0;2672.736809
21009.84096;0;2666.776683
20917.56904;0;2660.821491
20825.5313;0;2654.871228
20733.72768;0;2648.925889
20642.15814;0;2642.985469
20550.8226;0;2637.049965
20459.72101;0;2631.11937
20368.85332;0;2625.193681
20278.21945;0;2619.272893
20187.81935;0;2613.357001
20097.65295;0;2607.446002
20007.72018;0;2601.53989
19918.02099;0;2595.638661
19828.55531;0;2589.742311
19739.32305;0;2583.850837
19650.32417;0;2577.964233
19561.55859;0;2572.082496
19473.02623;0;2566.205622
19384.72702;0;2560.333606
19296.6609;0;2554.466446
19208.82778;0;2548.604136
19121.2276;0;2542.746674
19033.86027;0;2536.894056
18946.72571;0;2531.046277
18859.82385;0;2525.203335
18773.15461;0;2519.365225
18686.71791;0;2513.531945
18600.51367;0;2507.703491
18514.54179;0;2501.87986
18428.80221;0;2496.061048
18343.29483;0;2490.247051
18258.01956;0;2484.437868
18172.97633;0;2478.633495
18088.16503;0;2472.833928
18003.58559;0;2467.039165
17919.23791;0;2461.249203
17835.1219;0;2455.464038
17751.23747;0;2449.683669
17667.58452;0;2443.908092
17584.16296;0;2438.137304
17500.9727;0;2432.371304
17418.01362;0;2426.610088
17335.28565;0;2420.853653
17252.78868;0;2415.101998
17170.5226;0;2409.35512
17088.48732;0;2403.613017
17006.68274;0;2397.875686
16925.10875;0;2392.143125
16843.76524;0;2386.415332
16762.65212;0;2380.692305
16681.76927;0;2374.974041
16601.11659;0;2369.26054
16520.69397;0;2363.551798
16440.50129;0;2357.847814
16360.53846;0;2352.148586
16280.80535;0;2346.454113
16201.30185;0;2340.764392
16122.02785;0;2335.079422
16042.98324;0;2329.399202
15964.16789;0;2323.72373
15885.58169;0;2318.053004
15807.22453;0;2312.387023
15729.09627;0;2306.725786
15651.19681;0;2301.069292
15573.52602;0;2295.417538
15496.08377;0;2289.770525
15418.86995;0;2284.128251
15341.88443;0;2278.490714
15265.12708;0;2272.857915
15188.59777;0;2267.229851
15112.29638;0;2261.606523
15036.22278;0;2255.987929
14960.37684;0;2250.374068
14884.75843;0;2244.76494
14809.36741;0;2239.160545
14734.20365;0;2233.560881
14659.26701;0;2227.965948
14584.55737;0;2222.375746
14510.07458;0;2216.790274
14435.81851;0;2211.209532
14361.78902;0;2205.63352
14287.98596;0;2200.062237
14214.40921;0;2194.495684
14141.0586;0;2188.933859
14067.93401;0;2183.376764
13995.03529;0;2177.824398
13922.36229;0;2172.276761
13849.91486;0;2166.733854
13777.69286;0;2161.195676
13705.69615;0;2155.662227
13633.92456;0;2150.133509
13562.37796;0;2144.609522
13491.05618;0;2139.090265
13419.95908;0;2133.57574
13349.0865;0;2128.065946
13278.43829;0;2122.560885
13208.01429;0;2117.060558
13137.81435;0;2111.564964
13067.8383;0;2106.074105
12998.08599;0;2100.587981
12928.55725;0;2095.106594
12859.25193;0;2089.629945
12790.16986;0;2084.158034
12721.31089;0;2078.690862
12652.67483;0;2073.228431
12584.26154;0;2067.770742
12516.07084;0;2062.317796
12448.10256;0;2056.869594
12380.35655;0;2051.426138
12312.83261;0;2045.98743
12245.5306;0;2040.55347
12178.45032;0;2035.12426
12111.59162;0;2029.699803
12044.95431;0;2024.280098
11978.53823;0;2018.86515
11912.34319;0;2013.454958
11846.36901;0;2008.049525
11780.61553;0;2002.648853
11715.08255;0;1997.252943
11649.7699;0;1991.861799
11584.6774;0;1986.475421
11519.80487;0;1981.093813
11455.15211;0;1975.716975
11390.71895;0;1970.344911
11326.5052;0;1964.977623
11262.51068;0;1959.615113
11198.73518;0;1954.257384
11135.17854;0;1948.904438
11071.84055;0;1943.556277
11008.72102;0;1938.212905
10945.81976;0;1932.874323
10883.13658;0;1927.540536
10820.67129;0;1922.211545
10758.42368;0;1916.887353
10696.39357;0;1911.567963
10634.58075;0;1906.253379
10572.98502;0;1900.943602
10511.60619;0;1895.638637
10450.44405;0;1890.338487
10389.49841;0;1885.043154
10328.76905;0;1879.752642
10268.25578;0;1874.466954
10207.95839;0;1869.186094
10147.87667;0;1863.910065
10088.01042;0;1858.638871
10028.35943;0;1853.372514
9968.923483;0;1848.111
9909.702376;0;1842.85433
9850.695894;0;1837.60251
9791.903825;0;1832.355543
9733.325956;0;1827.113432
9674.962072;0;1821.876182
9616.811957;0;1816.643797
9558.875394;0;1811.416281
9501.152164;0;1806.193637
9443.642049;0;1800.97587
9386.344829;0;1795.762984
9329.260282;0;1790.554984
9272.388185;0;1785.351873
9215.728317;0;1780.153656
9159.280451;0;1774.960338
9103.044363;0;1769.771923
9047.019827;0;1764.588416
8991.206613;0;1759.40982
8935.604494;0;1754.236142
8880.21324;0;1749.067385
8825.032619;0;1743.903554
8770.062401;0;1738.744655
8715.302352;0;1733.590692
8660.752237;0;1728.44167
8606.411822;0;1723.297594
8552.280871;0;1718.15847
8498.359146;0;1713.024302
8444.646409;0;1707.895095
8391.14242;0;1702.770855
8337.846939;0;1697.651588
8284.759725;0;1692.537298
8231.880534;0;1687.427991
8179.209124;0;1682.323673
8126.745249;0;1677.224348
8074.488663;0;1672.130023
8022.43912;0;1667.040704
7970.596372;0;1661.956396
7918.960169;0;1656.877105
7867.530261;0;1651.802836
7816.306398;0;1646.733596
7765.288328;0;1641.669391
7714.475795;0;1636.610226
7663.868548;0;1631.556108
7613.466329;0;1626.507043
7563.268883;0;1621.463037
7513.275951;0;1616.424097
7463.487276;0;1611.390228
7413.902597;0;1606.361437
7364.521654;0;1601.337731
7315.344185;0;1596.319115
7266.369927;0;1591.305598
7217.598616;0;1586.297184
7169.029987;0;1581.293881
7120.663774;0;1576.295696
7072.499709;0;1571.302636
7024.537525;0;1566.314706
6976.776952;0;1561.331915
6929.21772;0;1556.354269
6881.859556;0;1551.381775
6834.70219;0;1546.41444
6787.745347;0;1541.452272
6740.988752;0;1536.495277
6694.43213;0;1531.543463
6648.075204;0;1526.596837
6601.917696;0;1521.655407
6555.959328;0;1516.71918
6510.199819;0;1511.788164
6464.638888;0;1506.862365
6419.276253;0;1501.941792
6374.11163;0;1497.026453
6329.144737;0;1492.116354
6284.375287;0;1487.211505
6239.802994;0;1482.311912
6195.42757;0;1477.417584
6151.248728;0;1472.528529
6107.266177;0;1467.644754
6063.479626;0;1462.766268
6019.888785;0;1457.893079
5976.49336;0;1453.025194
5933.293057;0;1448.162624
5890.287583;0;1443.305375
5847.476639;0;1438.453456
5804.85993;0;1433.606875
5762.437158;0;1428.765641
5720.208023;0;1423.929763
5678.172225;0;1419.09925
5636.329463;0;1414.274109
5594.679434;0;1409.454349
5553.221835;0;1404.63998
5511.956362;0;1399.83101
5470.882708;0;1395.027448
5430.000568;0;1390.229304
5389.309633;0;1385.436585
5348.809596;0;1380.649302
5308.500145;0;1375.867463
5268.38097;0;1371.091077
5228.45176;0;1366.320154
5188.712201;0;1361.554704
5149.161979;0;1356.794735
5109.800779;0;1352.040257
5070.628285;0;1347.291279
5031.644179;0;1342.547811
4992.848144;0;1337.809863
4954.239859;0;1333.077444
4915.819005;0;1328.350564
4877.585259;0;1323.629233
4839.5383;0;1318.913461
4801.677803;0;1314.203257
4764.003444;0;1309.498632
4726.514898;0;1304.799595
4689.211836;0;1300.106156
4652.093932;0;1295.418327
4615.160856;0;1290.736116
4578.412279;0;1286.059535
4541.847869;0;1281.388593
4505.467294;0;1276.723301
4469.270221;0;1272.06367
4433.256316;0;1267.409709
4397.425242;0;1262.761429
4361.776665;0;1258.118842
4326.310246;0;1253.481957
4291.025647;0;1248.850786
4255.922528;0;1244.225338
4221.000549;0;1239.605626
4186.259368;0;1234.991659
4151.698642;0;1230.38345
4117.318027;0;1225.781008
4083.117178;0;1221.184345
4049.09575;0;1216.593473
4015.253395;0;1212.008401
3981.589765;0;1207.429143
3948.104512;0;1202.855708
3914.797284;0;1198.288108
3881.667732;0;1193.726355
3848.715501;0;1189.17046
3815.940239;0;1184.620434
3783.341592;0;1180.07629
3750.919203;0;1175.538039
3718.672717;0;1171.005693
3686.601776;0;1166.479263
3654.70602;0;1161.958761
3622.985091;0;1157.444199
3591.438627;0;1152.93559
3560.066267;0;1148.432944
3528.867647;0;1143.936275
3497.842403;0;1139.445595
3466.990171;0;1134.960914
3436.310585;0;1130.482247
3405.803276;0;1126.009604
3375.467878;0;1121.542999
3345.30402;0;1117.082444
3315.311332;0;1112.627951
3285.489443;0;1108.179533
3255.83798;0;1103.737203
3226.35657;0;1099.300973
3197.044838;0;1094.870855
3167.902409;0;1090.446863
3138.928905;0;1086.02901
3110.123949;0;1081.617308
3081.487163;0;1077.21177
3053.018165;0;1072.81241
3024.716576;0;1068.419239
2996.582013;0;1064.032273
2968.614093;0;1059.651523
2940.812432;0;1055.277002
2913.176645;0;1050.908726
2885.706346;0;1046.546705
2858.401146;0;1042.190955
2831.260659;0;1037.841488
2804.284493;0;1033.498317
2777.47226;0;1029.161458
2750.823567;0;1024.830923
2724.338022;0;1020.506725
2698.015231;0;1016.188879
2671.854799;0;1011.877399
2645.856331;0;1007.572298
2620.01943;0;1003.27359
2594.343697;0;998.9812902
2568.828735;0;994.6954112
2543.474142;0;990.4159677
2518.279518;0;986.1429738
2493.244461;0;981.8764437
2468.368567;0;977.6163919
2443.651433;0;973.3628325
2419.092653;0;969.1157801
2394.69182;0;964.875249
2370.448528;0;960.6412537
2346.362367;0;956.413809
2322.432929;0;952.1929294
2298.659802;0;947.9786295
2275.042576;0;943.7709242
2251.580837;0;939.5698283
2228.274171;0;935.3753566
2205.122165;0;931.187524
2182.124401;0;927.0063456
2159.280463;0;922.8318364
2136.589934;0;918.6640115
2114.052394;0;914.502886
2091.667423;0;910.3484752
2069.4346;0;906.2007944
2047.353502;0;902.0598588
2025.423707;0;897.9256839
2003.644791;0;893.7982851
1982.016327;0;889.6776779
1960.53789;0;885.563878
1939.209052;0;881.4569009
1918.029384;0;877.3567622
1896.998458;0;873.2634779
1876.115842;0;869.1770635
1855.381104;0;865.0975351
1834.793813;0;861.0249085
1814.353534;0;856.9591997
1794.059832;0;852.9004247
1773.912272;0;848.8485996
1753.910416;0;844.8037406
1734.053828;0;840.7658638
1714.342066;0;836.7349856
1694.774693;0;832.7111222
1675.351266;0;828.69429
1656.071343;0;824.6845056
1636.934481;0;820.6817852
1617.940235;0;816.6861456
1599.088161;0;812.6976033
1580.377812;0;808.716175
1561.808741;0;804.7418774
1543.380498;0;800.7747273
1525.092636;0;796.8147415
1506.944702;0;792.861937
1488.936245;0;788.9163307
1471.066813;0;784.9779397
1453.335951;0;781.0467809
1435.743206;0;777.1228715
1418.288121;0;773.2062288
1400.970239;0;769.2968699
1383.789102;0;765.3948121
1366.744252;0;761.5000729
1349.835228;0;757.6126697
1333.06157;0;753.7326199
1316.422814;0;749.859941
1299.918498;0;745.9946507
1283.548158;0;742.1367666
1267.311329;0;738.2863065
1251.207543;0;734.443288
1235.236334;0;730.607729
1219.397234;0;726.7796474
1203.689772;0;722.9590612
1188.113478;0;719.1459883
1172.667881;0;715.3404468
1157.352509;0;711.5424548
1142.166886;0;707.7520304
1127.11054;0;703.969192
1112.182993;0;700.1939577
1097.383769;0;696.426346
1082.712391;0;692.6663752
1068.168379;0;688.9140638
1053.751254;0;685.1694304
1039.460534;0;681.4324934
1025.295738;0;677.7032715
1011.256382;0;673.9817834
997.3419826;0;670.2680479
983.5520542;0;666.5620838
969.8861107;0;662.8639098
956.343665;0;659.173545
942.9242287;0;655.4910084
929.6273125;0;651.8163188
916.452426;0;648.1494956
903.3990778;0;644.4905577
890.4667754;0;640.8395244
877.6550254;0;637.196415
864.9633332;0;633.5612487
852.3912031;0;629.9340451
839.9381386;0;626.3148234
827.6036421;0;622.7036032
815.3872147;0;619.1004041
803.2883567;0;615.5052457
791.3065674;0;611.9181476
779.4413449;0;608.3391295
767.6921864;0;604.7682112
756.0585879;0;601.2054126
744.5400444;0;597.6507536
733.1360501;0;594.1042541
721.8460977;0;590.5659341
710.6696794;0;587.0358137
699.6062859;0;583.513913
688.6554072;0;580.0002523
677.816532;0;576.4948516
667.0891481;0;572.9977314
656.4727423;0;569.508912
645.9668002;0;566.0284138
635.5708066;0;562.5562572
625.284245;0;559.0924628
615.1065981;0;555.6370512
605.0373473;0;552.190043
595.0759733;0;548.7514589
585.2219555;0;545.3213197
575.4747724;0;541.8996461
565.8339014;0;538.4864591
556.2988188;0;535.0817795
546.869;0;531.6856284
537.5439194;0;528.2980267
528.3230502;0;524.9189956
519.2058646;0;521.5485562
510.1918339;0;518.1867298
501.2804283;0;514.8335375
492.4711168;0;511.4890008
483.7633677;0;508.153141
475.156648;0;504.8259795
466.6504238;0;501.5075378
458.24416;0;498.1978375
449.9373208;0;494.8969002
441.729369;0;491.6047475
433.6197666;0;488.3214012
425.6079746;0;485.0468831
417.6934526;0;481.7812149
409.8756598;0;478.5244186
402.1540538;0;475.2765161
394.5280914;0;472.0375294
386.9972285;0;468.8074806
379.5609197;0;465.5863917
372.2186188;0;462.3742851
364.9697784;0;459.1711828
357.8138503;0;455.9771072
350.7502851;0;452.7920806
343.7785323;0;449.6161254
336.8980406;0;446.4492642
330.1082576;0;443.2915193
323.4086297;0;440.1429133
316.7986025;0;437.0034689
310.2776205;0;433.8732088
303.8451273;0;430.7521557
297.5005651;0;427.6403324
291.2433755;0;424.5377617
285.0729989;0;421.4444666
278.9888747;0;418.3604699
272.9904412;0;415.2857948
267.0771358;0;412.2204643
261.2483949;0;409.1645015
255.5036538;0;406.1179297
249.8423467;0;403.0807719
244.2639069;0;400.0530517
238.7677668;0;397.0347922
233.3533576;0;394.026017
228.0201095;0;391.0267495
222.7674518;0;388.0370131
217.5948126;0;385.0568316
212.5016192;0;382.0862285
207.4872977;0;379.1252274
202.5512734;0;376.1738523
197.6929703;0;373.2321268
192.9118117;0;370.3000748
188.2072196;0;367.3777202
183.5786153;0;364.465087
179.0254189;0;361.5621993
174.5470493;0;358.669081
170.1429249;0;355.7857564
165.8124626;0;352.9122496
161.5550787;0;350.0485849
157.370188;0;347.1947865
153.2572049;0;344.3508788
149.2155423;0;341.5168863
145.2446123;0;338.6928334
141.343826;0;335.8787446
137.5125935;0;333.0746445
133.7503239;0;330.2805578
130.0564252;0;327.496509
126.4303045;0;324.722523
122.871368;0;321.9586246
119.3790207;0;319.2048386
115.9526666;0;316.4611899
112.591709;0;313.7277035
109.2955498;0;311.0044044
106.0635902;0;308.2913177
102.8952304;0;305.5884685
99.78986941;0;302.8958819
96.7469054;0;300.2135832
93.76573551;0;297.5415978
90.8457559;0;294.8799509
87.98636176;0;292.2286679
85.18694726;0;289.5877743
82.44690561;0;286.9572957
79.76562902;0;284.3372575
77.14250873;0;281.7276853
74.576935;0;279.128605
72.0682971;0;276.5400421
69.61598332;0;273.9620224
67.21938099;0;271.3945718
64.87787645;0;268.8377162
62.59085506;0;266.2914815
60.35770122;0;263.7558937
58.17779835;0;261.2309789
56.05052891;0;258.7167631
53.97527438;0;256.2132724
51.95141527;0;253.7205332
49.97833114;0;251.2385717
48.05540056;0;248.7674141
46.18200118;0;246.3070868
44.35750964;0;243.8576163
42.58130165;0;241.4190291
40.85275195;0;238.9913516
39.17123434;0;236.5746104
37.53612166;0;234.1688322
35.94678578;0;231.7740436
34.40259765;0;229.3902714
32.90292724;0;227.0175423
31.44714361;0;224.6558833
30.03461485;0;222.3053211
28.66470812;0;219.9658828
27.33678963;0;217.6375953
26.05022467;0;215.3204857
24.80437758;0;213.014581
23.59861179;0;210.7199084
22.43228977;0;208.4364952
21.3047731;0;206.1643685
20.2154224;0;203.9035557
19.1635974;0;201.6540841
18.14865688;0;199.4159812
17.16995875;0;197.1892743
16.22685997;0;194.973991
15.31871661;0;192.7701588
14.44488383;0;190.5778053
13.60471588;0;188.3969583
12.79756614;0;186.2276453
12.02278708;0;184.0698942
11.27973027;0;181.9237327
10.56774641;0;179.7891887
9.886185312;0;177.6662901
9.234395923;0;175.5550648
8.611726307;0;173.4555408
8.017523666;0;171.3677463
7.45113434;0;169.2917091
6.911903815;0;167.2274576
6.399176726;0;165.1750199
5.912296865;0;163.1344241
5.450607185;0;161.1056987
5.013449809;0;159.0888718
4.600166038;0;157.0839719
4.210096353;0;155.0910274
3.84258043;0;153.1100668
3.496957142;0;151.1411184
3.172564573;0;149.184211
2.868740023;0;147.239373
2.584820021;0;145.3066332
2.320140333;0;143.3860201
2.074035976;0;141.4775625
1.845841229;0;139.5812891
1.634889644;0;137.6972288
1.440514064;0;135.8254103
1.262046635;0;133.9658626
1.098818821;0;132.1186145
0.950161427;0;130.2836951
0.815404612;0;128.4611331
0.693877916;0;126.6509578
0.584910277;0;124.8531981
0.48783006;0;123.0678832
0.401965084;0;121.295042
0.326642653;0;119.5347038
0.261189588;0;117.7868978
0.20493227;0;116.051653
0.15719668;0;114.3289988
0.117308445;0;112.6189644
0.084592898;0;110.9215789
0.058375136;0;109.2368717
0.037980085;0;107.5648721
0.022732575;0;105.9056092
0.011957405;0;104.2591125
0.004979383;0;102.6254111
0.001123294;0;101.0045343
-0.00028557;0;99.39651143
-0.001694435;0;97.81700055
-0.003103299;0;96.27533288
-0.004512164;0;94.77710712
-0.005921028;0;93.32568251
-0.007329893;0;91.92307459
-0.008738757;0;90.56980885
-0.010147622;0;89.26521373
-0.011556487;0;88.00791288
-0.012965351;0;86.79613461
-0.014374216;0;85.62790545
-0.01578308;0;84.50117035
-0.017191945;0;83.41386638
-0.018600809;0;82.36396717
-0.020009674;0;81.3495088
-0.021418538;0;80.3686041
-0.022827403;0;79.41944969
-0.024236268;0;78.50032856
-0.025645132;0;77.6096098
-0.027053997;0;76.74574685
-0.028462861;0;75.90727464
-0.029871726;0;75.09280632
-0.03128059;0;74.3010297
-0.032689455;0;73.53070364
-0.034098319;0;72.78065442
-0.035507184;0;72.0497723
-0.036916049;0;71.33700809
-0.038324913;0;70.64136989
-0.039733778;0;69.96192008
-0.041142642;0;69.29777228
-0.042551507;0;68.64808866
-0.043960371;0;68.01207721
-0.045369236;0;67.3889893
-0.0467781;0;66.77811726
-0.048186965;0;66.1787922
-0.04959583;0;65.59038181
-0.051004694;0;65.01228844
-0.052413559;0;64.44394715
-0.053822423;0;63.88482393
-0.055231288;0;63.33441402
-0.056640152;0;62.79224029
-0.058049017;0;62.25785174
-0.059457881;0;61.73082208
-0.060866746;0;61.21074834
-0.06227561;0;60.69724963
-0.063684475;0;60.18996591
-0.06509334;0;59.68855685
-0.066502204;0;59.19270079
-0.067911069;0;58.70209363
-0.069319933;0;58.21644796
-0.070728798;0;57.73549209
-0.072137662;0;57.25896923
-0.073546527;0;56.78663663
-0.074955391;0;56.31826484
-0.076364256;0;55.85363696
-0.077773121;0;55.392548
-0.079181985;0;54.93480416
-0.08059085;0;54.48022227
-0.081999714;0;54.02862919
-0.083408579;0;53.57986125
-0.084817443;0;53.13376377
-0.086226308;0;52.6901905
-0.087635172;0;52.24900323
-0.089044037;0;51.8100713
-0.090452902;0;51.37327121
-0.091861766;0;50.93848624
-0.093270631;0;50.50560602
-0.094679495;0;50.07452627
-0.09608836;0;49.6451484
-0.097497224;0;49.22596676
-0.098906089;0;48.82167013
-0.100314953;0;48.43447637
-0.101723818;0;48.06503209
-0.103132682;0;47.71301526
-0.104541547;0;47.37753557
-0.105950412;0;47.05739736
-0.107359276;0;46.75126957
-0.108768141;0;46.45779313
-0.110177005;0;46.17564657
-0.11158587;0;45.90358379
-0.112994734;0;45.6404538
-0.114403599;0;45.38520867
-0.115812463;0;45.13690428
-0.117221328;0;44.89469649
-0.118630193;0;44.65783499
-0.120039057;0;44.42565571
-0.121447922;0;44.19757294
-0.122856786;0;43.97307138
-0.124265651;0;43.75169861
-0.125674515;0;43.53305803
-0.12708338;0;43.31680239
-0.128492244;0;43.10262793
-0.129901109;0;42.89026916
-0.131309974;0;42.67949416
-0.132718838;0;42.47010042
-0.134127703;0;42.26191118
-0.135536567;0;42.05477221
-0.136945432;0;41.84854897
-0.138354296;0;41.64312409
-0.139763161;0;41.43839522
-0.141172025;0;41.23427311
-0.14258089;0;41.03067995
-0.143989755;0;40.82754788
-0.145398619;0;40.62481774
-0.146807484;0;40.42243798
-0.148216348;0;40.22036362
-0.149625213;0;40.01855549
-0.151034077;0;39.81697941
-0.152442942;0;39.61560562
-0.153851806;0;39.41440814
-0.155260671;0;39.21336435
-0.156669535;0;39.01245453
-0.1580784;0;38.81166147
-0.159487265;0;38.61097021
-0.160896129;0;38.41036767
-0.162304994;0;38.20984246
-0.163713858;0;38.00938466
-0.165122723;0;37.80898562
-0.166531587;0;37.60863779
-0.167940452;0;37.40833461
-0.169349316;0;37.20807034
-0.170758181;0;37.00783999
-0.172167046;0;36.8076392
-0.17357591;0;36.60746419
-0.174984775;0;36.40731163
-0.176393639;0;36.20717866
-0.177802504;0;36.00706275
-0.179211368;0;35.80696172
-0.180620233;0;35.60687366
-0.182029097;0;35.4067969
-0.183437962;0;35.20672999
-0.184846827;0;35.00667167
-0.186255691;0;34.80662084
-0.187664556;0;34.60657653
-0.18907342;0;34.40653791
-0.190482285;0;34.20650424
-0.191891149;0;34.00647489
-0.193300014;0;33.80644932
-0.194708878;0;33.60642702
-0.196117743;0;33.40640759
-0.197526608;0;33.20639065
-0.198935472;0;33.00637588
-0.200344337;0;32.80636301
-0.201753201;0;32.60635179
-0.203162066;0;32.40634201
-0.20457093;0;32.20633349
-0.205979795;0;32.00632606
-0.207388659;0;31.80631958
-0.208797524;0;31.60631394
-0.210206388;0;31.40630902
-0.211615253;0;31.20630473
-0.213024118;0;31.00630099
-0.214432982;0;30.80629773
-0.215841847;0;30.60629489
-0.217250711;0;30.40629242
-0.218659576;0;30.20629026
-0.22006844;0;30.00628838
-0.221477305;0;29.80628674
-0.222886169;0;29.60628531
-0.224295034;0;29.40628406
-0.225703899;0;29.20628298
-0.227112763;0;29.00628203
-0.228521628;0;28.80628121
-0.229930492;0;28.60628049
-0.231339357;0;28.40627986
-0.232748221;0;28.20627931
-0.234157086;0;28.00627884
-0.23556595;0;27.80627842
-0.236974815;0;27.60627806
-0.23838368;0;27.40627775
-0.239792544;0;27.20627747
-0.241201409;0;27.00627723
-0.242610273;0;26.80627702
-0.244019138;0;26.60627684
-0.245428002;0;26.40627668
-0.246836867;0;26.20627654
-0.248245731;0;26.00627642
-0.249654596;0;25.80627632
-0.25106346;0;25.60627623
-0.252472325;0;25.40627615
-0.25388119;0;25.20627608
-0.255290054;0;25.00627602
-0.256698919;0;24.80627596
-0.258107783;0;24.60627592
-0.259516648;0;24.40627588
-0.260925512;0;24.20627584
-0.262334377;0;24.00627581
-0.263743241;0;23.80627578
-0.265152106;0;23.60627576
-0.266560971;0;23.40627574
-0.267969835;0;23.20627572
-0.2693787;0;23.00627571
-0.270787564;0;22.8062757
-0.272196429;0;22.60627568
-0.273605293;0;22.40627567
-0.275014158;0;22.20627566
-0.276423022;0;22.00627566
-0.277831887;0;21.80627565
-0.279240752;0;21.60627564
-0.280649616;0;21.40627564
-0.282058481;0;21.20627563
-0.283467345;0;21.00627563
-0.28487621;0;20.80627563
-0.286285074;0;20.60627562
-0.287693939;0;20.40627562
-0.289102803;0;20.20627562
-0.290511668;0;20.00627562
-0.291920533;0;19.80627562
-0.293329397;0;19.60627561
-0.294738262;0;19.40627561
-0.296147126;0;19.20627561
-0.297555991;0;19.00627561
-0.298964855;0;18.80627561
-0.30037372;0;18.60627561
-0.301782584;0;18.40627561
-0.303191449;0;18.20627561
-0.304600313;0;18.00627561
-0.306009178;0;17.80627561
-0.307418043;0;17.60627561
-0.308826907;0;17.40627561
-0.310235772;0;17.20627561
-0.311644636;0;17.00627561
-0.313053501;0;16.80627561
-0.314462365;0;16.60627561
-0.31587123;0;16.40627561
-0.317280094;0;16.20627561
-0.318688959;0;16.00627561
-0.320097824;0;15.80627561
-0.321506688;0;15.60627561
-0.322915553;0;15.40627561
-0.324324417;0;15.20627561
-0.325733282;0;15.00627561
-0.327142146;0;14.80627561
-0.328551011;0;14.60627561
-0.329959875;0;14.40627561
-0.33136874;0;14.20627561
-0.332777605;0;14.00627561
-0.334186469;0;13.80627561
-0.335595334;0;13.60627561
-0.337004198;0;13.40627561
-0.338413063;0;13.20627561
-0.339821927;0;13.00627561
-0.341230792;0;12.80627561
-0.342639656;0;12.60627561
-0.344048521;0;12.40627561
-0.345457386;0;12.20627561
-0.34686625;0;12.00627561
-0.348275115;0;11.80627561
-0.349683979;0;11.60627561
-0.351092844;0;11.40627561
-0.352501708;0;11.20627561
-0.353910573;0;11.00627561
-0.355319437;0;10.80627561
-0.356728302;0;10.60627561
-0.358137166;0;10.40627561
-0.359546031;0;10.20627561
-0.360954896;0;10.00627561
-0.36236376;0;9.806275607
-0.363772625;0;9.606275607
-0.365181489;0;9.406275607
-0.366590354;0;9.206275607
-0.367999218;0;9.006275607
-0.369408083;0;8.806275607
-0.370816947;0;8.606275607
-0.372225812;0;8.406275607
-0.373634677;0;8.206275607
-0.375043541;0;8.006275607
-0.376452406;0;7.806275607
-0.37786127;0;7.606275607
-0.379270135;0;7.406275607
-0.380678999;0;7.206275607
-0.382087864;0;7.006275607
-0.383496728;0;6.806275607
-0.384905593;0;6.606275607
-0.386314458;0;6.406275607
-0.387723322;0;6.206275607
-0.389132187;0;6.006275607
-0.390541051;0;5.806275607
-0.391949916;0;5.606275607
-0.39335878;0;5.406275607
-0.394767645;0;5.206275607
-0.396176509;0;5.006275607
-0.397585374;0;4.806275607
-0.398994239;0;4.613475607
-0.400403103;0;4.431907607
-0.401811968;0;4.263541527
-0.403220832;0;4.109031243
-0.404629697;0;3.968214846
-0.406038561;0;3.840447439
-0.407447426;0;3.724820121
-0.40885629;0;3.62030195
-0.410265155;0;3.525829994
-0.411674019;0;3.440364645
-0.413082884;0;3.362921873
-0.414491749;0;3.29259036
-0.415900613;0;3.228538862
-0.417309478;0;3.170017433
-0.418718342;0;3.116354903
-0.420127207;0;3.066954213
-0.421536071;0;3.021286654
-0.422944936;0;2.978885677
-0.4243538;0;2.939340689
-0.425762665;0;2.902291092
-0.42717153;0;2.867420715
-0.428580394;0;2.834452684
-0.429989259;0;2.803144783
-0.431398123;0;2.773285275
-0.432806988;0;2.744689183
-0.434215852;0;2.717194985
-0.435624717;0;2.690661691
-0.437033581;0;2.664966272
-0.438442446;0;2.640001393
-0.439851311;0;2.615673435
-0.441260175;0;2.591900747
-0.44266904;0;2.568612128
-0.444077904;0;2.545745496
-0.445486769;0;2.523246722
-0.446895633;0;2.501068612
-0.448304498;0;2.479170026
-0.449713362;0;2.457515098
-0.451122227;0;2.436072562
-0.452531091;0;2.414815161
-0.453939956;0;2.393719139
-0.455348821;0;2.372763785
-0.456757685;0;2.351931045
-0.45816655;0;2.331205183
-0.459575414;0;2.310572484
-0.460984279;0;2.290020989
-0.462393143;0;2.269540276
-0.463802008;0;2.249121262
-0.465210872;0;2.228756028
-0.466619737;0;2.20843767
-0.468028602;0;2.188160173
-0.469437466;0;2.167918292
-0.470846331;0;2.147707456
-0.472255195;0;2.127523681
-0.47366406;0;2.107363492
-0.475072924;0;2.087223864
-0.476481789;0;2.067102157
-0.477890653;0;2.046996071
-0.479299518;0;2.0269036
-0.480708383;0;2.006822998
-0.482117247;0;1.986752742
-0.483526112;0;1.966691502
-0.484934976;0;1.946638123
-0.486343841;0;1.926591594
-0.487752705;0;1.906551038
-0.48916157;0;1.886515687
-0.490570434;0;1.866484873
-0.491979299;0;1.846458014
-0.493388164;0;1.826434602
-0.494797028;0;1.806414196
-0.496205893;0;1.786396408
-0.497614757;0;1.766380904
-0.499023622;0;1.746367389
-0.500432486;0;1.726355609
-0.501841351;0;1.706345341
-0.503250215;0;1.686336391
-0.50465908;0;1.666328589
-0.506067944;0;1.646321789
-0.507476809;0;1.626315862
-0.508885674;0;1.606310695
-0.510294538;0;1.586306192
-0.511703403;0;1.566302266
-0.513112267;0;1.546298845
-0.514521132;0;1.526295862
-0.515929996;0;1.506293263
-0.517338861;0;1.486290997
-0.518747725;0;1.466289021
-0.52015659;0;1.4462873
-0.521565455;0;1.426285799
-0.522974319;0;1.406284491
-0.524383184;0;1.386283351
-0.525792048;0;1.366282357
-0.527200913;0;1.346281491
-0.528609777;0;1.326280736
-0.530018642;0;1.306280077
-0.531427506;0;1.286279504
-0.532836371;0;1.266279004
-0.534245236;0;1.246278568
-0.5356541;0;1.226278188
-0.537062965;0;1.206277857
-0.538471829;0;1.186277568
-0.539880694;0;1.166277316
-0.541289558;0;1.146277097
-0.542698423;0;1.126276906
-0.544107287;0;1.106276739
-0.545516152;0;1.086276594
-0.546925017;0;1.066276467
-0.548333881;0;1.046276357
-0.549742746;0;1.026276261
-0.55115161;0;1.006276177
-0.552560475;0;0.986276104
-0.553969339;0;0.96627604
-0.555378204;0;0.946275985
-0.556787068;0;0.926275936
-0.558195933;0;0.906275894
-0.559604797;0;0.886275857
-0.561013662;0;0.866275825
-0.562422527;0;0.846275797
-0.563831391;0;0.826275773
-0.565240256;0;0.806275752
-0.56664912;0;0.786275733
-0.568057985;0;0.766275717
-0.569466849;0;0.746275703
-0.570875714;0;0.726275691
-0.572284578;0;0.70627568
-0.573693443;0;0.686275671
-0.575102308;0;0.666275663
-0.576511172;0;0.646275655
-0.577920037;0;0.626275649
-0.579328901;0;0.606275644
-0.580737766;0;0.586275639
-0.58214663;0;0.566275635
-0.583555495;0;0.546275632
-0.584964359;0;0.526275629
-0.586373224;0;0.506275626
-0.587782089;0;0.486275623
-0.589190953;0;0.466275621
-0.590599818;0;0.44627562
-0.592008682;0;0.426275618
-0.593417547;0;0.406275617
-0.594826411;0;0.386275616
-0.596235276;0;0.366275614
-0.59764414;0;0.346275614
-0.599053005;0;0.326275613
-0.60046187;0;0.306275612
-0.601870734;0;0.286275612
-0.603279599;0;0.266275611
-0.604688463;0;0.246275611
-0.606097328;0;0.22627561
-0.607506192;0;0.20627561
-0.608915057;0;0.186275609
-0.610323921;0;0.166275609
-0.611732786;0;0.146275609
-0.61314165;0;0.126275609
-0.614550515;0;0.106275609
-0.61595938;0;0.086275608
-0.617368244;0;0.066275608
-0.618777109;0;0.046275608
-0.620185973;0;0.026275608
-0.621594838;0;0.006275608
-0.623003702;0;0
