run,ok,x0,y0,z0,vx0,vy0,vz0,xf,yf,zf,vxf,vyf,vzf,phi_f_deg,theta_f_deg,psi_f_deg,dist_xy,succ_pos,succ_vel,succ_eul,success,prop_main,prop_rcs
1,1,282185.362854371,0,13968.0559213273,-1672.6515081728,0,0,-3.3107881555811,-2.45925916775552,0.499895149566477,-0.0409985483746081,-0.0343989172008461,-0.100060486061555,-0.00134792528121976,-0.15493236936167,-0.0628774657559235,4.12423009364483,1,1,1,1,6484.9794771537,34.2628091411019
2,1,263865.810242708,0,13561.7534828874,-1672.6515081728,0,0,-4.72479367819672,-2.4843439861616,0.499558816878754,-0.0462392328928075,-0.0341645109089665,-0.100072846434085,-0.00213887612246326,-0.217506768791746,0.00442760999074296,5.33813079112015,1,1,1,1,6478.5315929577,32.9839004149716
3,1,308693.174085558,0,14412.7267288786,-1672.6515081728,0,0,3.3857975512031,-3.24054661272369,0.499714198348151,-0.0251706313161036,-0.0341274029482179,-0.100071107768746,-0.00160174763103986,-0.220711816610887,-0.00654293587125411,4.68665844786751,1,1,1,1,6478.83323948274,36.0977651394628
4,1,285508.511722419,0,14376.4339456057,-1672.6515081728,0,0,-4.53830438190423,-2.48457093235467,0.499841293990768,-0.0501121921666549,-0.0344207671021821,-0.100050865360061,-0.00375954411954477,-0.173241571358747,-0.0340770380780266,5.1739056215506,1,1,1,1,6492.98926861114,34.1351242119229
5,1,286905.097246105,0,15277.2437065861,-1672.6515081728,0,0,-4.71603931108474,-2.48205392312438,0.499393830584081,-0.0518563785447767,-0.0342899373633087,-0.100073303086407,-0.00164680756718553,-0.211781124608896,0.0641925627771267,5.32931688502323,1,1,1,1,6506.12238946998,33.4349165357807
6,1,295673.922501142,0,16396.8960992237,-1672.6515081728,0,0,-4.42449205519151,-2.64019878753168,0.49986089091813,-0.0539872664302015,-0.0343781744875378,-0.100067414658854,-0.00150368841654005,-0.195748980986043,0.0635861709535596,5.15235670195073,1,1,1,1,6525.95829391596,34.6149724135144
7,1,278137.351785687,0,13866.1147045343,-1672.6515081728,0,0,-3.99298734264026,-2.45057601066116,0.499783697242281,-0.0246634478598316,-0.0344519085046502,-0.100068703543793,-0.00426868035151695,-0.195306426160047,0.0395220741373146,4.68500487753356,1,1,1,1,6481.48147134699,33.830327929367
8,1,262494.109999479,0,14435.1332282682,-1672.6515081728,0,0,-2.74680141919843,-2.50362746208994,0.499423092103393,-0.0283528567665594,-0.0345499253665581,-0.100063968459815,0.0038177268332802,-0.219375590849328,0.00762492956996032,3.71659366967139,1,1,1,1,6501.923946258,32.7532437687128
9,1,292152.231118392,0,16318.4968246926,-1672.6515081728,0,0,-4.58736960274284,-2.44893462867382,0.499538457729676,-0.0543548366616001,-0.0340251443392229,-0.100070332186544,-0.00189382333410399,-0.222360932749513,-0.00532368512652014,5.20011929552455,1,1,1,1,6523.02040477573,33.9580128585457
10,1,295115.584289469,0,13635.6818667316,-1672.6515081728,0,0,-2.74265019915281,-2.35341025637756,0.49922909192427,-0.0237645375213771,-0.0339926909811312,-0.100076719848549,-0.00452445488209508,-0.217596893078348,0.0476165649198551,3.61395489038477,1,1,1,1,6478.81855355787,36.4107991593851
11,1,283003.758556643,0,14342.8035290621,-1672.6515081728,0,0,-4.17601485214044,-2.47090207832917,0.499061613716677,-0.0261194462809184,-0.0343855770204882,-0.10007036677007,-0.00057926495083538,-0.209541501991849,0.0128449313331996,4.8522630932369,1,1,1,1,6491.08440951048,34.0548062726008
12,1,268661.423329061,0,15816.73430789,-1672.6515081728,0,0,-4.272693668827,-2.49149577361401,0.49980516821089,-0.0533246966018126,-0.034143125823149,-0.100054564276605,-0.00326345373304847,-0.190052892153073,-0.0561871167091273,4.94605523397898,1,1,1,1,6527.3296946151,32.8582749201341
13,1,260823.044322292,0,15813.8110400578,-1672.6515081728,0,0,-4.39403510750016,-2.4840723987136,0.499055353651001,-0.0258097563951286,-0.0343598694448155,-0.100067013155688,-0.00151319974631309,-0.21106504014211,0.0765859656928151,5.04758954432655,1,1,1,1,6539.36574475507,32.3084059509282
14,1,281254.822218794,0,14492.6940745579,-1672.6515081728,0,0,-3.83001006635169,-2.46873520898654,0.499576406705897,-0.0270798932155935,-0.034616261772664,-0.100065001649599,-0.000475822564613389,-0.211047500690057,-0.00237051468375654,4.55671270110868,1,1,1,1,6492.81458908655,34.3019383935921
15,1,278506.024986889,0,16161.638227729,-1672.6515081728,0,0,-3.82713937943592,-2.51328352681507,0.499568704768579,-0.0480129865553349,-0.0342620089614234,-0.100069516426588,-0.00429788701910523,-0.277483071560576,0.063979219913517,4.57860130561607,1,1,1,1,6523.52373148509,33.9394779494713
16,1,267426.638564278,0,15812.9015398637,-1672.6515081728,0,0,-4.19445209146778,-2.45444442911587,0.499274801117307,-0.0527598564604232,-0.0341293679292139,-0.100077483781615,-0.000627886321674315,-0.219707068734258,-0.00831068895908671,4.85980717757776,1,1,1,1,6528.33345086168,32.7800164151535
17,1,290764.185220177,0,13594.2875570602,-1672.6515081728,0,0,-4.38883711508378,-2.57977153798458,0.499928765130509,-0.0309317808867558,-0.034509282694313,-0.100091438733282,-0.00417634680772082,-0.236994848589983,0.069690817696035,5.09088522861518,1,1,1,1,6515.44796120517,35.0474536252493
18,1,278701.324905984,0,14731.1487691069,-1672.6515081728,0,0,-3.68859752026697,-2.45237606639899,0.499050434254554,-0.0311832580465085,-0.0344209245682362,-0.100093690436304,-0.00174068779541009,-0.255529588497011,-0.0166286397120251,4.42943563420514,1,1,1,1,6495.83663534562,33.3257665156762
19,1,273748.413934455,0,16289.0929570277,-1672.6515081728,0,0,-3.31829284006156,-2.45486547591738,0.499769390297103,-0.02669356498774,-0.0343650661904057,-0.100063597535712,-0.00115515050878188,-0.19033911252043,-0.0298628532825188,4.12764241150501,1,1,1,1,6530.92104029198,32.9097607786739
20,1,297170.885127809,0,16177.6769954699,-1672.6515081728,0,0,-3.69669375502171,-2.48815204005816,0.499383157043017,-0.0248098658866873,-0.03431364814735,-0.100066960725769,-0.000569393407872937,-0.219028192760892,-0.063713363305783,4.45605714649869,1,1,1,1,6524.916335011,34.6499827973215
21,1,307245.789243186,0,14183.8054876258,-1672.6515081728,0,0,3.1607479712186,-3.22970393054029,0.49939131715751,-0.0319547270404596,-0.0341475771073226,-0.100064199626088,-0.000777969394123016,-0.182724872502132,-0.0110900747964073,4.51899493433107,1,1,1,1,6470.71520136505,36.0195066344822
22,1,307857.949631891,0,14752.2330094463,-1672.6515081728,0,0,-1.24696148525209,-3.59123269980743,0.499063418681935,-0.0249568367646735,-0.0342969951263773,-0.100072541849314,-0.00475000029817894,-0.178210016582534,0.0397371501460815,3.80156089650925,1,1,1,1,6518.23902430722,35.8609301901792
23,1,267442.333683708,0,15056.3718652301,-1672.6515081728,0,0,-4.30263077335551,-2.49414598088843,0.499653044059481,-0.0540150023100985,-0.0341928110048678,-0.100070688509436,-0.000258231309619391,-0.188498564232357,0.0234229489982865,4.97326811521435,1,1,1,1,6509.86508473071,32.7305899909553
24,1,281553.757005736,0,14991.7455176772,-1672.6515081728,0,0,-3.70656123607796,-2.4528857357752,0.499588900063928,-0.0549676369224227,-0.0344751732194667,-0.100072015729412,-6.13455144827034e-05,-0.199266750525177,0.0303922107286725,4.44468723641666,1,1,1,1,6500.30124537698,33.6490977073066
25,1,276992.684065849,0,13654.43625375,-1672.6515081728,0,0,-3.8794845756141,-2.47066800060898,0.499297267899834,-0.027102451436787,-0.0343047650563237,-0.100067406733853,-0.00138326254680503,-0.196813394134283,0.00617353471125763,4.59941310839338,1,1,1,1,6477.71519113271,34.2463336663691
26,1,313082.554299561,0,16456.9513623318,-1672.6515081728,0,0,-3.64271081529789,-2.59327879736544,0.499781318758746,-0.0517282173969358,-0.0342010225319409,-0.100075698364829,0.0026249265869529,-0.196943770203932,0.00755536479814139,4.47151394996743,1,1,1,1,6579.86015589046,35.698234877193
27,1,299413.054481503,0,14603.3493981578,-1672.6515081728,0,0,-3.74943599121489,-2.59045257513791,0.49997327519018,-0.0539324905997703,-0.0343526582188612,-0.100069437821793,0.000945024397196143,-0.202425329642885,0.0552575623855125,4.55727054235934,1,1,1,1,6538.17135058163,35.4778754026425
28,1,297178.176573772,0,14462.3401949152,-1672.6515081728,0,0,-247.631634720924,-233.263188315216,0.209310499332105,-2.74623618621106,-2.55123696564988,-74.8512645666357,0.848219517951133,1.96096481163887,0.0132014632371688,340.195740034376,0,0,1,0,6250.55512733123,35.1813168574531
29,1,262863.829144712,0,15036.2791748978,-1672.6515081728,0,0,-4.40106338853259,-2.45787357981161,0.499158128866762,-0.0538622131744569,-0.0342198581456347,-0.100064299495625,0.00120621154026345,-0.223022521747604,-0.0441325274775442,5.04088300640055,1,1,1,1,6515.86176722397,32.4834578699639
30,1,297852.190239731,0,16310.1899662102,-1672.6515081728,0,0,-3.15818450308276,-2.47346053850551,0.49902477807169,-0.0237114439244669,-0.0342351062768506,-0.100065751914674,-0.00463266729945923,-0.175482328490542,-0.0125069066749516,4.01150051614805,1,1,1,1,6526.27345302547,34.2834034845176
31,1,280247.57855439,0,14273.8248831455,-1672.6515081728,0,0,-3.93942628969395,-2.56068025000154,0.499751325950047,-0.0276792868133539,-0.0345073526511474,-0.100076118798939,-0.00350333698120775,-0.237274545081943,0.0750296281363467,4.69852773054281,1,1,1,1,6488.80450552096,34.1083515654822
32,1,307812.068289202,0,13779.3083034177,-1672.6515081728,0,0,5.46624991956853,-3.08153778375162,0.499449190697418,-0.0501697401543694,-0.034208916931581,-0.100067346973468,-0.00153523940652034,-0.25971224013946,-0.0157670616602707,6.2750110195817,1,1,1,1,6463.58552263446,36.0915868364381
33,1,312628.246331118,0,15677.8670366107,-1672.6515081728,0,0,-4.33299632754995,-2.5027091831692,0.499153585502509,-0.0537032093033855,-0.0344348289118711,-0.100065527445324,-0.000625206295301748,-0.202609961820476,0.0197578264342293,5.00383956877924,1,1,1,1,6521.23940078203,36.8206265933623
34,1,311856.482928807,0,13984.8861422838,-1672.6515081728,0,0,5.35805651031464,-3.0956656131177,0.499039040155979,-0.0534654318133626,-0.0341793080273734,-0.100062848954287,-0.000751215795868786,-0.212186444160558,0.044175157848784,6.18804615011592,1,1,1,1,6491.78435009431,36.243984977716
35,1,295609.329692188,0,13515.1847515387,-1672.6515081728,0,0,-3.527638652651,-2.66200758705723,0.499317962977727,-0.0507818002948896,-0.0341243173354422,-0.100059058436697,0.00707711599520795,-0.177984145917913,0.0585377541208903,4.41933466227979,1,1,1,1,6471.09820027649,37.0945313607945
36,1,292269.371381113,0,15636.5376640426,-1672.6515081728,0,0,-4.06233454552596,-2.51923934240659,0.499968431482635,-0.0493339817092709,-0.0342022450466215,-0.100065941451684,-0.000297061719876654,-0.186833548208217,-0.0588922277388882,4.78007623622289,1,1,1,1,6514.26702258241,34.236036494661
37,1,279340.641689995,0,15472.838676901,-1672.6515081728,0,0,-3.09222529297901,-2.55172464144885,0.499554705958364,-0.0527005933594365,-0.0343223733154234,-0.100055257021933,-0.000707423761616294,-0.179016896125471,-0.0469782582075581,4.00913405965882,1,1,1,1,6510.24761493565,33.4719863539294
38,1,265926.169359553,0,16419.0316642573,-1672.6515081728,0,0,-4.19401003617468,-2.48680162662812,0.499188618428182,-0.051033659497806,-0.0343906067303116,-0.100071821698782,0.003413751625278,-0.265725173645064,0.0762161811283194,4.87584890185639,1,1,1,1,6545.73233142787,32.3372380317105
39,1,312143.623111692,0,15230.7116538791,-1672.6515081728,0,0,0.0796184720034327,-3.50697250335045,0.499390026389383,-0.031073163136265,-0.0343728335757952,-0.100064281899978,-0.00446968149617316,-0.18222696278867,0.0393597155354046,3.5078761723214,1,1,1,1,6525.17375976096,35.5643716449896
40,1,271805.916845039,0,15436.4168877215,-1672.6515081728,0,0,-4.56237479106706,-2.64943591333659,0.499502413297296,-0.0536940316392712,-0.0341801019055803,-0.100068784476942,0.00344953611827635,-0.18935296760191,0.0296917396840107,5.27586716976858,1,1,1,1,6514.4545139673,32.920057950382
41,1,314946.177955106,0,13546.3698495866,-1672.6515081728,0,0,2.76828532242462,-3.48625778854192,0.499297436447036,-0.0345032702375904,-0.0343009135800975,-0.100068477587524,-0.000193379360274636,-0.17270000680488,-0.00146429013260351,4.45167350493281,1,1,1,1,6651.02892039538,38.1674966527649
42,1,285290.796300784,0,14383.3466762088,-1672.6515081728,0,0,-4.81874620928648,-2.48167229063972,0.499087814543975,-0.0354464146017823,-0.0344881282417949,-0.100087191756487,-0.00055240789309286,-0.264903350700629,0.0447238695267321,5.42024098981234,1,1,1,1,6493.2195671617,34.1845506361212
43,1,309775.364756332,0,16308.4643224823,-1672.6515081728,0,0,-4.17524020548494,-2.72002694936868,0.499862904884003,-0.0317731137871692,-0.034141479761193,-0.100071742504585,0.00103462187263183,-0.144562660891375,-0.00539176025309104,4.98308914016093,1,1,1,1,6542.21691787802,37.0698181486953
44,1,293504.005730458,0,13920.2520457096,-1672.6515081728,0,0,-4.42577484260232,-2.57721702834223,0.499065842328366,-0.0535337430971185,-0.0344368443216649,-0.100069655991174,0.00444330355763208,-0.21773651837612,0.0332908294755611,5.12147738143875,1,1,1,1,6524.42120396203,35.008324372759
45,1,311294.180478326,0,14578.4734536593,-1672.6515081728,0,0,2.99755643363536,-3.15072455447927,0.499219131872516,-0.0521060052049404,-0.0342795241772882,-0.100069626863215,-0.000998558206104076,-0.192256296461401,0.0318358511036727,4.3488400512122,1,1,1,1,6481.68374361503,35.8588707558378
46,1,307356.995255971,0,15034.0271965828,-1672.6515081728,0,0,-4.13646700786212,-2.4353950403922,0.499517727233346,-0.0555466494303862,-0.0344926719175701,-0.100070159704561,-0.000384609406538791,-0.21514165721,0.0613118261879102,4.80015711304315,1,1,1,1,6507.07936793355,37.0224511588386
47,1,306716.389881685,0,16170.0160254527,-1672.6515081728,0,0,-2.85246501183874,-2.53566639689736,0.499028094371024,-0.0275558971848333,-0.0341261338252792,-0.100074249286183,0.00474692527861962,-0.207097949920032,0.00780230998968552,3.8165639939766,1,1,1,1,6535.60214224751,35.4366867158106
48,1,282245.732125109,0,14896.7940543974,-1672.6515081728,0,0,-4.66208925923851,-2.48357461244107,0.499046184887843,-0.043211620933253,-0.0343156257367795,-0.100078122646732,-0.00124786775739194,-0.330955916193974,-0.00878571108816765,5.28234977227643,1,1,1,1,6498.68699240206,33.6655731820393
49,1,277091.140316355,0,15967.801681979,-1672.6515081728,0,0,-4.07951206665421,-2.51577246931276,0.499866703953698,-0.0346962925385617,-0.0342559474913957,-0.100097430410097,-0.00110988350590398,-0.279970812530113,0.0200004492465742,4.79286238268212,1,1,1,1,6521.09575155097,32.8932853039412
50,1,267858.858041474,0,15368.671427457,-1672.6515081728,0,0,-3.13813493050571,-2.45242528142266,0.499514320878293,-0.0237471412377749,-0.0341342223638073,-0.100077687559019,0.00163628495804497,-0.173325648831804,0.0403460365332439,3.98274787088275,1,1,1,1,6517.56143916645,33.2886966975274
51,1,263495.207090282,0,15678.274001168,-1672.6515081728,0,0,-4.57376310929181,-2.4690071394751,0.499244075746352,-0.053983751014178,-0.0342678030273319,-0.10006944792864,-0.00506545814973065,-0.226459487703603,0.0294736656527066,5.19762496095069,1,1,1,1,6531.22154424772,32.1889587591158
52,1,290391.811219024,0,14816.9142621169,-1672.6515081728,0,0,-4.08774877671788,-2.46168297039817,0.499481914780322,-0.0540845962991293,-0.0345144477537151,-0.100071510504795,-0.000741159014818287,-0.229781490865658,-0.0206639444157279,4.77174738521507,1,1,1,1,6502.32641343141,34.4522771005285
53,1,261970.916320194,0,14726.8588332428,-1672.6515081728,0,0,-4.42490477676433,-2.4857847527287,0.499666333508256,-0.0523657128733736,-0.0344441816058105,-0.100070073560855,0.00338391871945119,-0.237127032751119,0.0441850795654992,5.0753234498237,1,1,1,1,6508.27792117302,32.147770072284
54,1,269559.454729727,0,15480.5921301532,-1672.6515081728,0,0,-4.42837414276017,-2.5707692314251,0.499448592906638,-0.0426497699671737,-0.0341809144223939,-0.100072751603037,-0.00291368849119401,-0.114522239790255,0.0458013692670172,5.12048356988956,1,1,1,1,6517.77136564346,33.2001410208388
55,1,315780.176389159,0,14758.8001872834,-1672.6515081728,0,0,5.28356500878522,-3.05303015633277,0.499793705646856,-0.0407306737216103,-0.0341719010232504,-0.100067598723361,0.00503946292949285,-0.128254425803441,-0.0628290720734461,6.10221700183932,1,1,1,1,6499.79011791877,36.1348349576114
56,1,281110.500462993,0,13638.0079260653,-1672.6515081728,0,0,-3.80302455200467,-2.45330608447408,0.499047389132067,-0.0437779807842503,-0.0342144965927483,-0.100064420609045,-0.00142534991117525,-0.133715792903112,-0.0351682406674318,4.52567193765388,1,1,1,1,6479.70963604449,34.374018595548
57,1,310025.674485325,0,14974.8476253505,-1672.6515081728,0,0,-0.551276017649405,-3.52028653718057,0.49966550606159,-0.0326608881484692,-0.0343905132760379,-0.100063740100789,-0.00275812535277479,-0.164338792080589,0.00649594521387161,3.56318994041718,1,1,1,1,6519.99146215219,35.5499556045984
58,1,270529.964509576,0,15405.2809526029,-1672.6515081728,0,0,-3.8184177739521,-2.54108267702189,0.499415880921654,-0.0540432599252239,-0.0340934879835798,-0.100073929307903,-0.000113617408609589,-0.184784079030339,-0.0157401829054566,4.58665624043203,1,1,1,1,6514.95576208714,32.9777221119466
59,1,282189.559608779,0,15476.0808948568,-1672.6515081728,0,0,-3.78748205407057,-2.43219649064692,0.499224255735014,-0.0272924759667298,-0.0340364698491132,-0.100084986614169,-0.00339441240077389,-0.235274640357361,-0.0202349256250129,4.50117763246707,1,1,1,1,6509.27712966349,33.6037901517914
60,1,264588.570201575,0,16320.6907242749,-1672.6515081728,0,0,-4.50355581044442,-2.48006716654368,0.499097424356653,-0.0528183962610024,-0.0344474274410368,-0.100058973269625,-0.00295010705340453,-0.167363233963854,0.0550972388270808,5.14127883783361,1,1,1,1,6545.46268046973,32.456685223523
61,1,282974.387468285,0,16324.3944263296,-1672.6515081728,0,0,-3.69938310686751,-2.44626748201011,0.499748925125084,-0.0487855997106853,-0.0342823290698629,-0.10004904469262,-0.00198261802585863,-0.191325369655256,0.0243460365923874,4.43504903748727,1,1,1,1,6524.2255536699,33.21455706123
62,1,316146.344741526,0,13802.3340041323,-1672.6515081728,0,0,2.55864392935635,-3.35826498112688,0.499542721220992,-0.0290412153212109,-0.0342301441247923,-0.100073790426545,0.00261134114278408,-0.21062917307654,0.0675649948405351,4.22191928400997,1,1,1,1,6620.80973016944,37.603211643168
63,1,265970.639770053,0,16034.6259329084,-1672.6515081728,0,0,-3.37848079089917,-2.47096458837631,0.499100372281413,-0.0259870804782488,-0.0341273326264964,-0.100072497957186,-0.00518268071803786,-0.207840408720269,0.0387207121806642,4.18566583132056,1,1,1,1,6535.57612176905,32.6337965769002
64,1,307652.656573496,0,15386.8285403397,-1672.6515081728,0,0,-4.45453471458207,-2.44619294212782,0.499464563815769,-0.0515193990602158,-0.0341788649129441,-0.100069141865504,-2.70511361681377e-05,-0.179576310089783,0.0530284806859991,5.08200151845045,1,1,1,1,6541.10140491468,35.8609301901792
65,1,303056.36758479,0,15751.8442549226,-1672.6515081728,0,0,-4.87144464630334,-2.54523691893808,0.499593973265004,-0.0534017664775395,-0.0343356898247694,-0.100066209288543,0.00109261628597194,-0.204583076650835,0.0507187236265164,5.49629001377501,1,1,1,1,6524.64324793352,35.5829065540639
66,1,317843.355060048,0,14522.4106207591,-1672.6515081728,0,0,4.94865900148039,-3.11423649674806,0.499668793272757,-0.0335333986972489,-0.0344502479269676,-0.100088577681464,0.000379924200701544,-0.249793898537773,-0.0451081387525734,5.84702444587078,1,1,1,1,6540.52787282187,36.9277171791252
67,1,310196.574412409,0,13809.3716065078,-1672.6515081728,0,0,6.15250520773459,-3.0111589290629,0.49950624268799,-0.0548371445198705,-0.0339960435209485,-0.100065685778569,0.00190095664636289,-0.220502062203538,-0.0696946985008322,6.84984659881347,1,1,1,1,6481.38971069582,36.1636670383938
68,1,289752.247896337,0,14667.6050362025,-1672.6515081728,0,0,-3.25234627435868,-2.54231751496428,0.499535733483974,-0.02600555662079,-0.0344587911274329,-0.100073361948755,-0.000772422332122155,-0.189709064135592,0.0469607454996471,4.12809091896351,1,1,1,1,6499.96218191062,34.1763128987548
69,1,312915.605819863,0,16351.8214408127,-1672.6515081728,0,0,-3.95240445396901,-2.58141840732056,0.499227034483832,-0.0543879328300409,-0.0344971883569977,-0.10006911770556,0.000537943856636165,-0.18808805709931,0.0426612955655721,4.72072261008921,1,1,1,1,6578.25857769593,35.850633018471
70,1,297080.198443033,0,15517.5553682311,-1672.6515081728,0,0,-3.834588088291,-2.62295566816258,0.499968452383138,-0.0528358637301433,-0.0342713011264285,-0.100075507919227,0.00158816205223445,-0.205023390495917,-0.0115579474930575,4.6458543072302,1,1,1,1,6517.27996651612,34.388434635939
71,1,306327.595243887,0,13672.6762800499,-1672.6515081728,0,0,5.0187446145187,-3.06230305829877,0.499392753246138,-0.027382677761107,-0.0341646591783025,-0.100070869443898,-0.0030060012278658,-0.229775847872726,-0.0631129234550515,5.87924293822142,1,1,1,1,6456.95669616638,36.1657264727355
72,1,286063.411847704,0,13928.9750461585,-1672.6515081728,0,0,-4.90194215070528,-2.44203685669829,0.499950590268766,-0.0550357746463884,-0.0343764032300721,-0.100068694906955,-0.00648650095335079,-0.225084924696832,0.05403919541993,5.47654826129871,1,1,1,1,6487.5485450201,34.6005563731234
73,1,296291.790846151,0,13718.2890190926,-1672.6515081728,0,0,-3.81127720569392,-2.37447552856015,0.499870133198812,-0.0548596213578534,-0.0338881499573104,-0.100066758410062,-0.00142185630251813,-0.202673180613862,-0.00946076425179086,4.49043071145442,1,1,1,1,6476.93871100673,36.7155954419411
74,1,301387.477825353,0,14622.8123872684,-1672.6515081728,0,0,-3.92008480659503,-2.47145362766927,0.499876797224811,-0.0520273525361678,-0.0345597926384177,-0.100065233103105,-0.00098569083746053,-0.230292069025558,0.0349465962994386,4.63412860466958,1,1,1,1,6528.34957480285,36.009209462774
75,1,307556.043669121,0,14628.7787565927,-1672.6515081728,0,0,-0.487243613357164,-3.53469087384882,0.499272297292298,-0.0519618686158035,-0.0341785753873792,-0.100068362337189,-0.00208667258529567,-0.176228024583579,0.016354516250689,3.56811517645206,1,1,1,1,6510.4627826572,36.0462792809228
76,1,305492.124590192,0,13833.5924469185,-1672.6515081728,0,0,4.34044006151489,-3.14986361482797,0.499391333507258,-0.0269452430941098,-0.0340752930670963,-0.100069899294953,0.000943254352805988,-0.201818689995494,-0.00450115020076652,5.36293396562185,1,1,1,1,6455.68669560357,36.2048557252258
77,1,261160.629346529,0,13852.5787403313,-1672.6515081728,0,0,-4.08840369259095,-2.51609673465294,0.499032165389573,-0.0521277810334747,-0.0342628723836387,-0.100048254786062,0.00445087015481958,-0.183138305319963,0.057989206801969,4.80060283003317,1,1,1,1,6488.31016657844,32.732649425297
78,1,303691.638947035,0,14357.1362588456,-1672.6515081728,0,0,-2.70573287557336,-2.85860559784977,0.499637889476796,-0.0546733153866508,-0.0342883475737563,-0.100064890407472,-0.00384241701143851,-0.220481678166528,0.0773016543625796,3.93606610183525,1,1,1,1,6499.92772698914,37.1789681687998
79,1,273447.253109324,0,13629.4797358517,-1672.6515081728,0,0,-4.69787595316906,-2.44984838186717,0.499157217790815,-0.0287850318913392,-0.0340911025855757,-0.100091470893297,-0.000993628338668094,-0.241844389650314,0.0588991187505142,5.29828232217775,1,1,1,1,6476.24080636708,33.8756354848821
80,1,291051.797133699,0,16407.9076068573,-1672.6515081728,0,0,-4.08288753854029,-2.45008839404973,0.499327054939608,-0.054315259581169,-0.0341473053758778,-0.100070922942236,-0.000671870344282887,-0.184661248801308,-0.0578058508775907,4.76160726971731,1,1,1,1,6524.027079676,33.661454313356
81,1,296939.030274958,0,15252.9429357693,-1672.6515081728,0,0,-4.70436449346767,-2.53223346780926,0.499107475352904,-0.0538753906192408,-0.0344199373344884,-0.100064975845055,-0.00249304625531692,-0.220330146124162,0.0749269728876466,5.34258847590684,1,1,1,1,6514.73544067352,34.6685177063959
82,1,263134.245467045,0,14866.9702583571,-1672.6515081728,0,0,-3.64992733008537,-2.50184524869345,0.499243108198585,-0.0539074937758188,-0.0341143660164422,-0.100068934795949,0.00151290900894706,-0.211755587910424,0.0349936563476836,4.42506487673504,1,1,1,1,6510.23401195088,33.1342391219078
83,1,276560.86722945,0,15250.9683355526,-1672.6515081728,0,0,-3.17268118330155,-2.62967461790152,0.499739588022745,-0.0508416848654317,-0.0340960405946117,-0.100065003496805,0.00295014929130266,-0.221836723729287,-0.0427535410798677,4.12081235764397,1,1,1,1,6506.3882558668,33.8200307576588
84,1,316910.733637504,0,14428.582848859,-1672.6515081728,0,0,5.25986994956592,-3.09364072016205,0.499934377936407,-0.0528213791402262,-0.034215848235717,-0.100072853153003,-0.00191560527292718,-0.196406668213867,-0.0438641420514204,6.10219999604989,1,1,1,1,6530.81250049955,36.6126237248613
85,1,300142.210661596,0,16349.3997398758,-1672.6515081728,0,0,-3.64838386346867,-2.59881109896127,0.499790430752632,-0.0265060280031413,-0.0342137009993235,-0.100070823532844,-0.00482516270881441,-0.199912023049925,0.0426824912558493,4.47934414209299,1,1,1,1,6529.12192035118,34.7158846962525
86,1,296013.754592175,0,13635.6560103186,-1672.6515081728,0,0,-3.37095156021804,-2.54572621890774,0.499309069271087,-0.0519723843962143,-0.033955792273952,-0.100063086047877,-0.00124772808940739,-0.190039489934873,-0.0587152409700181,4.22422021241444,1,1,1,1,6469.8286907916,36.2769359271815
87,1,282296.698986635,0,15282.3921460564,-1672.6515081728,0,0,-3.59677719873778,-2.46268944404669,0.499363524653156,-0.0533147557874768,-0.0343200472412398,-0.100071196656115,0.00141219538615487,-0.191701464276401,0.0541708254811141,4.35908769299024,1,1,1,1,6505.40001352126,33.778842070827
88,1,316651.364333144,0,14744.458507013,-1672.6515081728,0,0,4.57577203696379,-3.1760483143804,0.499839366475387,-0.054598331750073,-0.0342261275149906,-0.100068071888919,-0.00115967587221562,-0.170678135985921,-0.0625886314115854,5.57000651970339,1,1,1,1,6509.63742837482,36.4149180280683
89,1,263766.928053766,0,16489.9105112217,-1672.6515081728,0,0,-4.20792245652005,-2.49892265077216,0.499049449802212,-0.0532689917745938,-0.0341358424249163,-0.100071367986829,-0.00171194421770618,-0.180771572462356,0.0215715131334064,4.893998959402,1,1,1,1,6551.48290072937,31.9706587189067
90,1,305019.774045762,0,14851.6324059303,-1672.6515081728,0,0,-4.12371778247984,-2.43625969359768,0.499882510449501,-0.0513849632114753,-0.0343225987895672,-0.100064231925448,-0.00382579358656137,-0.183638284019176,0.0538931831177633,4.78961476991512,1,1,1,1,6508.65018615526,36.5467218259303
91,1,315733.039554341,0,15354.3847213737,-1672.6515081728,0,0,2.17138900100902,-3.2504651941287,0.499278756550343,-0.0388582226346318,-0.0341503981949847,-0.100070467718406,-0.00375970099900591,-0.0741568458889956,-0.038774644290016,3.90902215035232,1,1,1,1,6508.68106592688,36.0339226748733
92,1,267077.178864667,0,15060.490503336,-1672.6515081728,0,0,-3.3765530749706,-2.45163383480076,0.499014106774875,-0.0251168276694658,-0.0343354857445908,-0.100069414566804,-0.00178460708222116,-0.221423665668513,0.0246875608020081,4.17272322686675,1,1,1,1,6510.6532996953,33.463748616563
93,1,292453.058062665,0,13902.0456853519,-1672.6515081728,0,0,-633.222063461145,-1011.25153128257,-0.329877319299782,-4.72553113540365,-7.57271546115679,-109.887662484345,0.730460543031338,2.21879621213942,0.0044454193359162,1193.14703250494,0,0,1,0,6333.19405808327,36.491117098706
94,1,304217.993325786,0,13909.1144267603,-1672.6515081728,0,0,1.94525177681784,-3.27697031753027,0.499285729776363,-0.0510745008700524,-0.0341610398925193,-0.100072897781389,0.00126795538417524,-0.214034123006488,-0.0446031632211477,3.81084491119587,1,1,1,1,6465.80572400089,35.9618424729176
95,1,280798.757824645,0,16212.4760834812,-1672.6515081728,0,0,-4.80949520763232,-2.44909491008158,0.499921174156146,-0.0365683684776888,-0.0341062599589998,-0.100088623153845,-0.00179457039382096,-0.282295409700781,0.022176585994362,5.39715758810373,1,1,1,1,6523.37647122919,33.2022004551804
96,1,290258.03641988,0,16087.0911262402,-1672.6515081728,0,0,-3.11334073556332,-2.49038986016441,0.499917589029908,-0.027790724171257,-0.0342591558857849,-0.100072057275427,-0.000494975329722898,-0.181291194976801,-0.026524643649932,3.98684489180702,1,1,1,1,6519.02289397728,34.1042326967989
97,1,269017.40153017,0,14877.4072687148,-1672.6515081728,0,0,-3.67652302067276,-2.48473336768189,0.499466444922641,-0.0520619455588646,-0.0343434689027499,-0.100066315062589,0.00040661552937046,-0.221998425685709,-0.0241179510182405,4.43742283651317,1,1,1,1,6504.10222640852,33.3854901115824
98,1,289020.854090296,0,13727.589984326,-1672.6515081728,0,0,0.659239169692012,-2.45630368803574,0.499896382258847,-0.02815633614484,-0.0342110577967721,-0.10006662345821,-0.000146364481264867,-0.180203578697874,-0.0621196077651841,2.54323103368809,1,1,1,1,6484.61757069601,36.9977379467396
99,1,267915.898224625,0,14045.6402531974,-1672.6515081728,0,0,-4.80113742320547,-2.53439388360521,0.499958617507285,-0.0542655354209677,-0.0344718730185391,-0.100070866211895,-0.00318976143232068,-0.195227635997326,-0.0686648235460771,5.42900293919239,1,1,1,1,6486.41136354254,32.8047296272528
100,1,312418.127365356,0,14076.867056426,-1672.6515081728,0,0,87.4098341741972,-0.75007088443562,0.494221289655256,11.9787725188048,-0.056287516983869,-8.62265981997099,179.752760516187,-65.1387504726948,-179.763357915588,87.4130523245375,0,0,0,0,6189.44113140185,37.123363441578
101,1,270282.960606354,0,13861.9076133018,-1672.6515081728,0,0,-3.17628019821875,-2.55832456684242,0.49908031436364,-0.0530917930045146,-0.034262427401045,-0.100060738676178,-0.00185820633663534,-0.188551909969453,-0.00029145467678951,4.07845319783199,1,1,1,1,6481.14481953826,33.5028778690534
102,1,272447.955224981,0,13617.9364195233,-1672.6515081728,0,0,-3.56884136935307,-2.44922997013475,0.4995139084856,-0.0490749256568634,-0.0343183575270404,-0.100071156313644,-0.00249888210568767,-0.245112976115292,0.000764506963041241,4.32843576436248,1,1,1,1,6476.33096964897,33.9518345555211
103,1,296852.297203316,0,13683.2338795646,-1672.6515081728,0,0,-4.44000864788967,-2.62346360080742,0.499218265395931,-0.0526841920830313,-0.0339569132455154,-0.100073999513174,0.00130957890501969,-0.205653661830491,0.0587632772061681,5.15715406577082,1,1,1,1,6470.46600844396,36.9771436033237
104,1,307174.071196442,0,14611.4163083741,-1672.6515081728,0,0,-1.08126714149911,-3.51971812434496,0.499055772513742,-0.0529774633122016,-0.0343922864855884,-0.10007807711975,-0.00127301280976082,-0.193922547065676,0.0586745070680999,3.68205843328539,1,1,1,1,6510.14178097368,36.0812896647299
105,1,296293.915871373,0,13610.0496086718,-1672.6515081728,0,0,-4.05894930307035,-2.67259786965712,0.499562269154426,-0.0497837408781409,-0.0340739981783323,-0.100073710828241,-0.00155869173613906,-0.236774471945855,0.0450261290519955,4.85981983388181,1,1,1,1,6473.22255849396,37.1007096638193
106,1,301798.920249195,0,13821.5160340193,-1672.6515081728,0,0,0.438447657089889,-3.46186560904574,0.499307965217658,-0.0532745271811456,-0.0340449740257877,-0.100065202401587,0.000263561086562313,-0.198931587425213,-0.0210781490999619,3.48952000181991,1,1,1,1,6474.3951470496,36.1904396848346
107,1,291336.391704083,0,13560.2135933332,-1672.6515081728,0,0,-4.21225479140252,-2.58972243616436,0.49977468877377,-0.0542586014968065,-0.0344244032044763,-0.100069491112414,-0.00306778600810084,-0.203990200121769,-0.0095842209983501,4.9446691217984,1,1,1,1,6518.07121755176,35.7311858266588
108,1,272744.019540083,0,15280.7773606621,-1672.6515081728,0,0,-3.86423007249562,-2.62851888489256,0.499574933619204,-0.0521221966133511,-0.0343902902137968,-0.100073342122428,-0.000241320299167507,-0.22436298745742,-0.0234877663854659,4.67347681939434,1,1,1,1,6509.96597774122,33.4802240912957
109,1,306188.208277223,0,15260.5233540626,-1672.6515081728,0,0,-2.92505706822291,-2.47986627893511,0.499747225914171,-0.0224052396953443,-0.0343065316221168,-0.100067527493902,0.00132753714927648,-0.197793998424197,0.0129818942970869,3.83480059634921,1,1,1,1,6544.45540926362,35.9103566143774
110,1,285491.985827806,0,15437.7517239948,-1672.6515081728,0,0,-2.86656485087917,-2.63193111372163,0.499330677051835,-0.0268971150351963,-0.0343536149334455,-0.100071877774544,-0.00366436119901956,-0.206884660783884,-0.00036200367790611,3.89156208117921,1,1,1,1,6508.11095517659,33.900348696981
111,1,281117.681513191,0,13805.3474178612,-1672.6515081728,0,0,-2.82808354418652,-2.50703692172251,0.499671678341025,-0.0344130850350856,-0.0343226999220223,-0.100062899439899,-0.000615130529404087,-0.157201159309224,0.00443943582604787,3.77932410091784,1,1,1,1,6481.89618759435,34.0074392827441
112,1,274741.774818414,0,14020.1207858843,-1672.6515081728,0,0,-4.39494048513097,-2.52806907939365,0.499115783358094,-0.0549577018265447,-0.034425678938562,-0.100069474147936,-0.00133579290064979,-0.22254760157864,0.00521918269716183,5.07017111526125,1,1,1,1,6483.47958603868,33.8735760505404
113,1,265148.073452103,0,13836.1167065042,-1672.6515081728,0,0,-3.8263971027028,-2.4591531879533,0.499624845752817,-0.0548704306782384,-0.0341853215602554,-0.100063011265957,0.00149715306405382,-0.184327626304263,0.00762503996359645,4.54848867090963,1,1,1,1,6483.7254656594,32.9159390816989
114,1,316625.663386686,0,14012.6627621702,-1672.6515081728,0,0,3.95609337459352,-3.20641924512745,0.499473090530976,-0.0542836042441794,-0.0342790705692044,-0.100073846378303,-0.00187430743307326,-0.171248048013667,-0.0361533615952844,5.09232748004549,1,1,1,1,6583.76843633485,37.7164805319559
115,1,314304.610529507,0,15808.4787995758,-1672.6515081728,0,0,-3.16572741401381,-2.66949024018026,0.499502920603563,-0.0262272925053183,-0.0343635998767907,-0.100072339913016,0.00324776316970743,-0.207406676041273,0.0435226729917359,4.14101535885297,1,1,1,1,6528.20525675655,36.7279520479905
116,1,279241.044781818,0,13844.5104742176,-1672.6515081728,0,0,-3.1744299537872,-2.46117695057687,0.499732159280317,-0.0556623768190638,-0.0343689931969241,-0.100066715316925,-0.00288900712388918,-0.189108501834807,0.0464872576769484,4.01676455789386,1,1,1,1,6481.1164045186,33.8138524546342
117,1,277212.089201382,0,15097.7682976548,-1672.6515081728,0,0,-3.56577988842914,-2.47612594946693,0.499096312512164,-0.0458919481681371,-0.0341280082765724,-0.100065655924939,-0.000944102855803555,-0.13347451360529,-0.0466562447354911,4.34119637085783,1,1,1,1,6502.87465310528,33.0642183542937
118,1,279989.270772046,0,14467.0615349242,-1672.6515081728,0,0,-3.80711481169636,-2.47064885000338,0.499058776688671,-0.0271433185304364,-0.0345240537199065,-0.100074434637175,-0.000365360462898035,-0.199805920144112,0.0208636153941468,4.53852717623909,1,1,1,1,6491.67668817339,33.3051721722603
119,1,275244.426283215,0,14914.7285656505,-1672.6515081728,0,0,-4.82808031482317,-2.49345147603419,0.499586724978688,-0.0535833495350986,-0.0344978571390572,-0.100065663135944,-0.00286746598600287,-0.196167996813719,0.0375713607339141,5.43393593905192,1,1,1,1,6500.36311685336,33.4925806973454
120,1,280699.228617904,0,13872.8916704566,-1672.6515081728,0,0,-4.16682078162069,-2.47088408541459,0.499140253798316,-0.0466182820586432,-0.0343734448458548,-0.100074184929278,-0.00593499741268741,-0.201327302517223,-0.0199976484499982,4.84434346322607,1,1,1,1,6482.37969492566,34.0815789190415
121,1,314823.560319066,0,15223.4193395397,-1672.6515081728,0,0,2.20814626682289,-3.27345989565997,0.499547944061478,-0.0254962419385456,-0.0341355823548449,-0.10007096684289,-0.00476779271045484,-0.172010460814192,0.0270732577433335,3.94860097049297,1,1,1,1,6507.4150465147,35.4943508773754
122,1,268594.743245147,0,13992.797393793,-1672.6515081728,0,0,-4.20763412306546,-2.49923109352703,0.499669582778665,-0.0497464157824466,-0.0344459779491922,-0.100071175648138,0.00225285224630499,-0.194952085060049,0.0320395884651268,4.89390855783362,1,1,1,1,6484.85174164141,32.5761324153357
123,1,299011.397260014,0,14677.3353222679,-1672.6515081728,0,0,-565.969486496121,-817.130498943827,0.358454847050131,-4.38401365016726,-6.34739346374365,-105.967840922777,0.441546603375733,2.16509106745489,0.0865332309347396,993.993818868544,0,0,1,0,6340.0111822248,36.4808199269983
124,1,285924.731847554,0,15742.8281405288,-1672.6515081728,0,0,-4.80204697885412,-2.49433420097012,0.499601143463762,-0.051552532078634,-0.0342438631732853,-0.100073745859195,-0.00182170778481417,-0.234055017079635,-0.029989258269268,5.41122521183985,1,1,1,1,6513.34564291774,33.9127053030306
125,1,273946.079820105,0,16219.4163328936,-1672.6515081728,0,0,-3.90307433875973,-2.50207412899696,0.499173335402961,-0.0475082148375356,-0.034412278906661,-0.100070894087355,-0.000925353783117241,-0.292753147429207,-0.0430757765385765,4.63620148838256,1,1,1,1,6529.17200045384,33.0395051421944
126,1,267270.556219566,0,13917.8162179902,-1672.6515081728,0,0,-3.93312839153088,-2.51700508661814,0.499457850043231,-0.0524232008608073,-0.0344222194035413,-0.100069143725266,0.00068536726709661,-0.189708729056222,-0.051568254216453,4.66956245812474,1,1,1,1,6484.03226909692,33.027148536145
127,1,296399.15833006,0,13955.0246391983,-1672.6515081728,0,0,-3.0971618360125,-2.41555831387272,0.499278429545613,-0.033205315882484,-0.0342735208062226,-0.100066774421506,-0.00199301626926374,-0.170519647831107,0.0781501308857929,3.92776442854863,1,1,1,1,6503.45834993404,35.4655187965931
128,1,274888.317309702,0,15787.3760572221,-1672.6515081728,0,0,-4.58563933329337,-2.51313405311364,0.499575824117121,-0.0428091951235956,-0.0341472003524884,-0.100065137907453,-0.000634387632852225,-0.111119211820918,0.0245774986736222,5.22914245971236,1,1,1,1,6519.66856138477,33.0333268391697
129,1,280306.359557672,0,13882.4659869959,-1672.6515081728,0,0,-4.33855343801104,-2.45584399261032,0.499875256351814,-0.0298008393907174,-0.0344339303083409,-0.100064573775784,0.00235880026921876,-0.180301487518362,-0.0564235053899204,4.98540024978112,1,1,1,1,6482.61791564699,34.3966723733055
130,1,306658.511058218,0,15660.1096096382,-1672.6515081728,0,0,-3.56672269519709,-2.81532546941722,0.499925635482254,-0.0520723336492038,-0.0341735712781557,-0.100075477642406,0.00498684916126153,-0.220920470380599,-0.0560835948005123,4.54395953802225,1,1,1,1,6551.99304039255,37.1913247748493
131,1,300675.79519592,0,14044.7931504043,-1672.6515081728,0,0,-2.09947924360968,-2.83558477284962,0.499459622643633,-0.0256162791573721,-0.0340145835415224,-0.100067948968491,-0.00451296190203275,-0.193849212734533,0.042535785216159,3.5282225125925,1,1,1,1,6489.70234991193,37.2345728960229
132,1,294275.710767194,0,13960.0542093482,-1672.6515081728,0,0,-4.68582073007479,-2.56954238988461,0.499712152730169,-0.0526581925759855,-0.0344981071791494,-0.100073814638111,-0.00330200356036933,-0.223432937800197,0.0155013761012018,5.34410553861098,1,1,1,1,6524.71358664109,35.0721668373484
133,1,289789.083445604,0,16296.3548474508,-1672.6515081728,0,0,-4.11629705097957,-2.55472348979188,0.499235502532907,-0.0256347005092908,-0.034288057938667,-0.100069463543386,-0.00274019353393445,-0.212921895026171,-0.0671998146324003,4.84463760473345,1,1,1,1,6522.18560750293,33.83444679805
134,1,300832.234961668,0,15228.8650805004,-1672.6515081728,0,0,-4.63991536028935,-2.67511433069976,0.499168679824565,-0.0537049746240178,-0.0344727169315998,-0.10007222302953,-0.00052150399180841,-0.215738561267109,-0.0212905811906756,5.35584271921462,1,1,1,1,6514.68207643289,35.9041783113527
135,1,285056.141983783,0,14852.5181142124,-1672.6515081728,0,0,-2.79922959100474,-2.45410783146334,0.499249710810618,-0.0278937882857104,-0.0344536500269792,-0.100070967265595,-0.00162221691800312,-0.202821210062027,-0.0481560978762773,3.72267800804827,1,1,1,1,6498.75810145046,33.8014958485846
136,1,317515.471447955,0,16109.6890861864,-1672.6515081728,0,0,-1.85748832851632,-3.6162493434959,0.499454075304602,-0.0382174244917914,-0.0343612739014865,-0.100065021041383,0.0013109062779856,-0.170097283160454,0.0729736929533668,4.06540554003028,1,1,1,1,6556.03899580511,36.283114230206
137,1,294732.091889511,0,15908.560345794,-1672.6515081728,0,0,-4.15256492364082,-2.69818630481417,0.499984157199299,-0.024895992765576,-0.0340263315367209,-0.100070894539103,-0.00116037935334346,-0.192829446478641,0.0412121953007688,4.95217172365204,1,1,1,1,6519.57856492389,34.225739322953
138,1,279809.517280676,0,14539.0379830979,-1672.6515081728,0,0,-3.78646214871367,-2.47793293103265,0.499364138379683,-0.0268899445331639,-0.0344812508454009,-0.100070748620564,-0.00135984138601916,-0.225998360797441,0.0223196024424895,4.525201345171,1,1,1,1,6493.02811055009,34.0774600503583
139,1,303197.051232301,0,13922.5710611394,-1672.6515081728,0,0,1.80487531255117,-3.37915136364918,0.499933239384907,-0.0475651305788414,-0.0343329032655046,-0.100062322949719,-0.00118058133178097,-0.138091049477577,0.00044924355095427,3.83095795230237,1,1,1,1,6473.49839304758,35.2245649786266
140,1,289353.700911503,0,15241.7650508341,-1672.6515081728,0,0,-4.94802886193721,-2.45761494616842,0.499320134515549,-0.0497546385929681,-0.0342190550300941,-0.100074165020335,0.00159791133489576,-0.267135833991248,0.0675939597791715,5.52474984430915,1,1,1,1,6506.48427822864,33.8797543535652
141,1,261261.404312653,0,13945.9881832593,-1672.6515081728,0,0,-2.79914679443343,-2.60720323749166,0.499775930371068,-0.0269329185509489,-0.0343587829920332,-0.100069909102619,-4.41586812346933e-05,-0.214187775883219,0.0668561804118943,3.82527534935381,1,1,1,1,6490.27272154848,33.2681023541116
142,1,265444.232348815,0,13701.2294321653,-1672.6515081728,0,0,-3.53571785350908,-2.45901341309508,0.499369597624105,-0.028069622729969,-0.0345835728181739,-0.100068951925959,-0.00462287162201107,-0.190619420290885,-0.046303805289396,4.30674444393957,1,1,1,1,6480.19559326605,32.6791041324155
143,1,272654.729757724,0,13609.6490035443,-1672.6515081728,0,0,-3.28875472290089,-2.4727294602032,0.499923756490932,-0.0258729699645686,-0.0342173863049218,-0.100067359489275,5.09944033773926e-06,-0.181077345751556,0.0229117340977984,4.11464440878671,1,1,1,1,6476.18497471317,33.6264439295491
144,1,293201.819688256,0,15073.1708079827,-1672.6515081728,0,0,-3.42598391194699,-2.45964976351337,0.49916747429337,-0.0281401165367083,-0.0344019171812296,-0.100087429190555,-0.00176597831875558,-0.226112211929851,0.0668652237121037,4.21749246876281,1,1,1,1,6507.9556725462,34.5676054236578
145,1,283703.399475438,0,16085.3568630406,-1672.6515081728,0,0,-4.23092180366844,-2.4775660932339,0.499284633668905,-0.0547523741016084,-0.0341525022872807,-0.100070273864742,-0.00159870651797799,-0.218278209180573,-0.0283154041048719,4.90296166159795,1,1,1,1,6519.01741979176,33.377252374216
146,1,282114.112139293,0,13576.159066981,-1672.6515081728,0,0,-4.10463526417827,-2.46675295367843,0.499876984357142,-0.0275137672346283,-0.0342004304278129,-0.10007163107632,-0.00207658376009259,-0.210533290609426,0.0467412827464383,4.78883083710597,1,1,1,1,6479.22899644956,35.0247998474919
147,1,301950.744100895,0,14193.2243897642,-1672.6515081728,0,0,-2.55974055006106,-2.77741761940548,0.49935347034587,-0.0518071550326742,-0.034099110071639,-0.100060934007139,0.00149349087260472,-0.211921019283207,0.0328952062608472,3.7770782777447,1,1,1,1,6492.47218369417,37.335485178761
148,1,261644.406856276,0,15458.2383235556,-1672.6515081728,0,0,-3.52540044286244,-2.4596610086937,0.499271271660031,-0.0538494273268367,-0.0342621854988107,-0.100071235325773,0.000527875905762248,-0.192072745756614,0.00178346813305143,4.29864869002141,1,1,1,1,6528.58196958584,32.4093182336664
149,1,266259.997189255,0,15990.659593701,-1672.6515081728,0,0,-3.27452522086949,-2.47361725074115,0.499726681912685,-0.0420131731108382,-0.0343339455459404,-0.100078500070048,-0.00325176493084274,-0.257254599788453,0.0161468417307605,4.10381502084032,1,1,1,1,6534.31954887584,32.4051993649832
150,1,299178.577664535,0,13539.0057705322,-1672.6515081728,0,0,0.931553164858708,-3.41284158429224,0.49921790084765,-0.0554218673788696,-0.0340233021207649,-0.100067792539687,-0.00183736360936197,-0.210673604892112,0.00984538627366754,3.5376940198995,1,1,1,1,6465.25401211581,36.3201840483551
151,1,272537.831014841,0,14764.2736517775,-1672.6515081728,0,0,-3.24022301009828,-2.47961727090889,0.499571146701499,-0.0263031590661393,-0.0345291687550341,-0.100072361449998,-0.00321644126819505,-0.193620382531275,0.0408718581571401,4.08014055705928,1,1,1,1,6498.64690787132,33.2413297076708
152,1,307824.882828457,0,15270.8848275444,-1672.6515081728,0,0,-3.46581242153811,-2.36929311224273,0.499513352291578,-0.0428746117182539,-0.0345549718909832,-0.100066799887866,-0.00216316064025663,-0.139947407963868,0.0436533691620024,4.19826221108314,1,1,1,1,6523.37049549364,36.5323057855391
153,1,296635.125289142,0,14383.3972786258,-1672.6515081728,0,0,-158.43785902353,-76.0848031816971,0.140691335778935,-2.02674055473498,-0.930906784319887,-65.479311770342,1.4615710672989,1.62305410327461,0.0118556573492555,175.759643966291,0,0,1,0,6224.09254866881,34.4049101106722
154,1,304708.233953065,0,16183.6566806823,-1672.6515081728,0,0,-4.88086369622604,-2.42847039486655,0.499175131250813,-0.0547246617886481,-0.0340353387685987,-0.100074236939881,-0.00121864275009795,-0.190749656517581,0.0311419645247785,5.45163268020513,1,1,1,1,6534.42726510402,35.0556913626156
155,1,285118.826803817,0,15400.4346594784,-1672.6515081728,0,0,-4.44415568895772,-2.54843765996415,0.499631204862935,-0.054402811233615,-0.0342868951345508,-0.100069429697149,0.000820624433736099,-0.215256538638931,0.0434917970270462,5.12299270880009,1,1,1,1,6507.84332155921,33.7108807375544
156,1,268570.643641032,0,14015.0378575449,-1672.6515081728,0,0,-2.89150960809165,-2.48289910424821,0.499268194947415,-0.0346306273926704,-0.0344206190446558,-0.100062582450726,-0.00343690249154322,-0.169433326981316,-0.0517276351730273,3.81124858485548,1,1,1,1,6485.18751114027,33.0333268391698
157,1,261568.00056881,0,14322.1656620616,-1672.6515081728,0,0,-3.6791805857603,-2.54612732154563,0.499368049089459,-0.0301142063988685,-0.0345243020227996,-0.1000765486249,-0.000675944522943448,-0.194219520807306,-0.0210353269000887,4.47427470325153,1,1,1,1,6499.64295755662,32.7141145162225
158,1,298213.861422933,0,13910.6568902064,-1672.6515081728,0,0,-3.60925332003485,-2.47208893451353,0.49913457380116,-0.0474924994268303,-0.0339529196589287,-0.10006037680932,-0.00100065204540114,-0.147914586043764,0.0472434229381012,4.37469235813523,1,1,1,1,6479.49361872403,36.6229208965694
159,1,311092.551195385,0,14026.1138358703,-1672.6515081728,0,0,87.4470491459525,-0.708574561049737,0.453141534242272,11.7858547196062,-0.0564369173209026,-8.68817756438036,179.857659247135,-63.0833930120185,-179.867929939023,87.4499198526974,0,0,0,0,6178.28349451359,37.1583738253852
160,1,284745.84504851,0,13998.8501062682,-1672.6515081728,0,0,-4.38102967798203,-2.44609873216936,0.499278587060759,-0.0538870872319997,-0.0343367250331508,-0.100066340035109,-0.00157627304991197,-0.207162260728425,0.0478152374812224,5.0176508494394,1,1,1,1,6486.87035673807,34.4975846560436
161,1,265296.555873412,0,14366.0812103121,-1672.6515081728,0,0,-4.81512899810753,-2.48551700452037,0.499297313592481,-0.0546957968479811,-0.0345388841007021,-0.100066455147071,0.000628304655463845,-0.192954638032317,-0.0377624389060328,5.41878787628525,1,1,1,1,6496.44276423439,32.7079362131978
162,1,302128.678111337,0,15491.0134960879,-1672.6515081728,0,0,-4.70531842520428,-2.47023402847961,0.499230376039103,-0.0512781548003147,-0.0344842244890146,-0.100068798669216,0.00183973002502392,-0.19467168534506,-0.00399167504185171,5.31432758098572,1,1,1,1,6521.006368944,35.8176820690057
163,1,302911.704471124,0,15285.2337921008,-1672.6515081728,0,0,390.259188126064,-190.492795776599,0.194628101090329,4.86500154271297,-2.31398145267094,-67.2866346480637,0.897285834407998,-6.84460564063806,-0.146092425753214,434.269201256087,0,0,0,0,6246.9097446362,35.2554564937506
164,1,289237.833322664,0,13819.7947594013,-1672.6515081728,0,0,-4.35435334107027,-2.51606390322776,0.499364833452826,-0.0296642687191692,-0.0342366917434598,-0.100079387943618,0.00147846583969705,-0.18764974687765,-0.018876942928642,5.02901288365973,1,1,1,1,6480.94316552852,36.1863208161513
165,1,302657.954447057,0,14239.2060997173,-1672.6515081728,0,0,-3.26801573729451,-2.98967719360062,0.499600033612132,-0.0493153560339489,-0.0342136377455744,-0.100074886300337,-0.00139760518547107,-0.209885412262904,0.0570683802550902,4.42923205320519,1,1,1,1,6498.80296726142,37.4075653807168
166,1,306781.26679911,0,14582.9216908201,-1672.6515081728,0,0,-1.21294835555563,-3.46273710140525,0.499636197659855,-0.0489865225060965,-0.0342216099946893,-0.10007432692675,-0.00212235181266185,-0.18253085811359,0.0658245560690409,3.66903147256786,1,1,1,1,6508.18602625567,36.1430726949778
167,1,313606.321769118,0,14055.3987865159,-1672.6515081728,0,0,88.6700735948579,-0.761298116601521,0.481055867231053,11.9549624555324,-0.056945497524892,-8.68119235600126,179.688489076835,-63.9088443199498,-179.701004970742,88.67334168813,0,0,0,0,6205.82153905204,37.1954436435338
168,1,311037.889386,0,15576.8296935536,-1672.6515081728,0,0,-4.16812386328172,-2.3875842925308,0.49903768712622,-0.0518747403956372,-0.0342941631929815,-0.100069954185015,-0.0013988794232266,-0.212219684932848,0.0598758896291802,4.80352113491742,1,1,1,1,6525.03076335233,36.3098868766468
169,1,274956.56161194,0,16332.1780190598,-1672.6515081728,0,0,-3.71603465150961,-2.45083950435723,0.499960104745032,-0.0281645994593717,-0.0343137614572679,-0.100064771365143,-0.00202666075254748,-0.190282231281942,-0.0508974137014982,4.45146355790297,1,1,1,1,6530.6437732544,33.1980815864972
170,1,301348.862273676,0,16246.4648927641,-1672.6515081728,0,0,-4.31208755458315,-2.47993986262724,0.499470016889164,-0.041162465544209,-0.0342423294356111,-0.100077106182689,0.00275764593250358,-0.26092398235901,0.0380969787212511,4.97435430992189,1,1,1,1,6530.04495483736,34.5346544741922
171,1,300876.777759809,0,16332.7994673403,-1672.6515081728,0,0,-4.3890556677641,-2.51893193199929,0.499801181345919,-0.0531338833248566,-0.0340996207277852,-0.100069340112669,-0.00218489388723743,-0.19928266166496,-0.039279109051792,5.06051654801937,1,1,1,1,6529.9097709017,34.9074120900208
172,1,310406.707959933,0,13611.0229041465,-1672.6515081728,0,0,6.96595560842426,-3.06818980447512,0.499608274442768,-0.0262759035524547,-0.0340826134229735,-0.100063544322258,-0.00216329006792381,-0.191863278213608,-0.00392786852477022,7.61172294653598,1,1,1,1,6497.58540770127,36.7959133812633
173,1,273818.499286457,0,14519.6248913042,-1672.6515081728,0,0,-3.51794511470078,-2.45578321834259,0.499843223499449,-0.0287778623226491,-0.0342647107657241,-0.100073987509575,0.00163516571300332,-0.208777233574237,-0.0333810105893673,4.29031572795524,1,1,1,1,6493.19383589334,33.2166164955717
174,1,264286.825870351,0,14456.2575087962,-1672.6515081728,0,0,-4.01208028681282,-2.48456647980708,0.499809945522937,-0.0302774685133138,-0.0345287993732774,-0.100063066678937,-0.00278333643307752,-0.178160755211943,0.0110462657132769,4.71909512729008,1,1,1,1,6500.04093617338,32.7099956475394
175,1,311792.302074843,0,16110.2966217028,-1672.6515081728,0,0,-4.71559563863311,-2.58660482642346,0.499470662836211,-0.0518914608922505,-0.0344035807795397,-0.100073755956563,0.00113651581534067,-0.192545739215476,0.0246519269543057,5.37841675171911,1,1,1,1,6575.33101212318,36.0462792809226
176,1,311139.534143175,0,16493.8023316,-1672.6515081728,0,0,-5.14498572593579,-2.88050604226984,0.499466831347017,-0.0518172066917562,-0.0342117223554358,-0.100069804467133,-0.00428296429312699,-0.206053891004879,0.0195509359318097,5.89645598471117,1,1,1,1,6553.22547468455,37.2036813808988
177,1,304915.623278485,0,16121.031342559,-1672.6515081728,0,0,-4.88745018383072,-2.4451900282301,0.499116148671692,-0.0450859408943425,-0.0343185615781938,-0.100074705873311,0.00229693598355551,-0.241041626413607,-0.0448614991111049,5.46499072035652,1,1,1,1,6534.88733450905,35.6817594024604
178,1,304978.440768054,0,14216.3314373049,-1672.6515081728,0,0,-0.292351378894356,-3.41261757501561,0.499573672977445,-0.0523456989508775,-0.0340685387171738,-0.100076130919756,0.000270847065652124,-0.187328514489463,0.073902396955866,3.42511723040933,1,1,1,1,6488.45970261587,35.9700802102839
179,1,281032.319290596,0,13626.2795689091,-1672.6515081728,0,0,-4.42342795306912,-2.45691064376106,0.499968272665267,-0.0540460871658678,-0.0342703042605061,-0.100061170697197,-0.00190893962941734,-0.205571902992802,0.0300911328828644,5.05995304004095,1,1,1,1,6479.64400096169,34.3369487773993
180,1,317682.262538828,0,14154.7616635952,-1672.6515081728,0,0,4.72516755689364,-3.22710265083931,0.49923470585241,-0.0556820683818424,-0.0342502873002854,-0.100064036341556,-9.74254624564647e-05,-0.241983993970805,-0.0194022086525688,5.722010132792,1,1,1,1,6588.88320419715,37.3972682090087
181,1,306024.599181878,0,16334.1960668742,-1672.6515081728,0,0,-3.15246339153988,-2.450182279116,0.499731406309259,-0.0233710222300585,-0.0340563565649875,-0.100071619250998,0.00112091255290688,-0.219519821312206,-0.0302510599746377,3.99267061450017,1,1,1,1,6538.03948646074,35.531420695524
182,1,296013.534222238,0,16328.1953224054,-1672.6515081728,0,0,-3.8613228650027,-2.49375261699504,0.499047130828862,-0.0334456960768021,-0.0341841742737856,-0.100058875264104,0.00312630546552918,-0.138289235399997,-0.0467386675764518,4.59658747143598,1,1,1,1,6525.14935875311,33.8921109596147
183,1,295685.03401062,0,14161.4586272105,-1672.6515081728,0,0,-3.02480750420095,-2.5780478134014,0.499500170502535,-0.0274682095428899,-0.0344652328529075,-0.10007258211654,0.000854119332784414,-0.214605969594891,0.0122075840126567,3.9743918988512,1,1,1,1,6528.43732245063,35.4964103117169
184,1,305633.233919515,0,16151.3576548903,-1672.6515081728,0,0,-4.77790438665354,-2.72070094662356,0.499297750853781,-0.046392706219051,-0.0341322967653316,-0.100078103963899,0.000577259406566565,-0.299183394857446,0.00179935479535486,5.49823462294594,1,1,1,1,6535.38851702109,35.1030583524723
185,1,318098.224648822,0,15588.0618541614,-1672.6515081728,0,0,2.60755705077207,-3.24537160419896,0.499062051297864,-0.0291689718203723,-0.0341037138456099,-0.100086176854636,-0.00463727159222447,-0.253830501744098,0.0533104832135784,4.16314672121607,1,1,1,1,6514.0965709102,36.0442198465812
186,1,307731.655228117,0,15278.8198045251,-1672.6515081728,0,0,-3.35673364314964,-2.38669849352791,0.49985673888112,-0.0280484352171793,-0.0345258423310725,-0.100070348285394,-0.00308781583257793,-0.221711099060684,0.0573404901897792,4.11873651136621,1,1,1,1,6526.97459358822,36.5693756036878
187,1,265799.51085899,0,16166.2442396069,-1672.6515081728,0,0,-3.44682936718955,-2.46305379655548,0.499262870520162,-0.0472215447053948,-0.0343378898147663,-0.100074144155195,-0.00184836025223976,-0.250176332928761,0.0547716698601292,4.23642144872848,1,1,1,1,6539.31996489517,32.2672172640963
188,1,310411.626626901,0,13760.9602797342,-1672.6515081728,0,0,5.97333584518663,-3.05879520226752,0.499433428742849,-0.0532616620785416,-0.0342207960848061,-0.100061043556593,-0.000225707276596591,-0.207090552639455,-0.0570691643893439,6.71095888892238,1,1,1,1,6487.28652499354,36.6002671188119
189,1,282078.174294436,0,13743.1386477229,-1672.6515081728,0,0,-4.40245372324045,-2.46036590812245,0.499630858362542,-0.050759020311582,-0.0342693315019997,-0.100068028025771,0.00181419489640529,-0.205343053162734,-0.0437253317928967,5.0433123229803,1,1,1,1,6481.64998043977,34.7405979083518
190,1,300056.97344373,0,14941.7597319799,-1672.6515081728,0,0,-5.02496402234783,-2.96424177151998,0.499439735681291,-0.0269467577343216,-0.0342374079011307,-0.100072599716637,0.00397048558934112,-0.180497642221816,0.0711592397705679,5.83412313084957,1,1,1,1,6534.54802339304,36.999797381081
191,1,308243.853536822,0,14301.0848105083,-1672.6515081728,0,0,3.16102399695801,-3.18876613118718,0.499971284974768,-0.0337239870056932,-0.034368895288184,-0.100065883879837,0.00183586519447539,-0.178189259966459,0.0197442889233052,4.49002251094033,1,1,1,1,6474.90359246478,36.2481038463992
192,1,306666.074676766,0,15625.0889301451,-1672.6515081728,0,0,-2.85324941374393,-2.61336974783088,0.49905657101388,-0.0305377989346503,-0.0343646565499196,-0.100089518582089,-0.00470620499257956,-0.241068641357571,0.00588568958099684,3.86920323269632,1,1,1,1,6562.10623413357,36.0503981496058
193,1,300879.741386392,0,13975.8153158792,-1672.6515081728,0,0,-2.35567978995471,-3.63354147256458,0.499939563028622,-0.0531318786316132,-0.0341853059457342,-0.100075083402388,-0.00293709966528915,-0.18299995212997,0.0560459051534401,4.33034073782282,1,1,1,1,6497.79787985738,36.8762313205855
194,1,310974.077167331,0,14505.3565627774,-1672.6515081728,0,0,3.18926697958499,-3.1820501981168,0.499093128689502,-0.0468673570289764,-0.0342326180717064,-0.100068676978884,0.000183594637048075,-0.120939028392637,0.0586550491245652,4.50520447154248,1,1,1,1,6479.87831841762,35.9247726547688
195,1,269809.703146824,0,13519.1576151505,-1672.6515081728,0,0,-3.87972349569455,-2.46905096350823,0.499334724869382,-0.0526882671863965,-0.0342929958014205,-0.10005055158394,-0.00162335602640748,-0.199425697426272,0.032690571857621,4.59874624908195,1,1,1,1,6475.10525625164,33.5831958083756
196,1,296217.04693295,0,15402.0171092988,-1672.6515081728,0,0,-3.85273172270569,-2.4779387816528,0.499395944951833,-0.0528066561348339,-0.0343082213970142,-0.100065787276129,0.00187788128468465,-0.216398727659463,0.0435143731732028,4.58079931155706,1,1,1,1,6515.03419791446,35.0145026757838
197,1,305648.33857558,0,16388.976011577,-1672.6515081728,0,0,-3.94281432728851,-2.80147246333742,0.4991815231321,-0.0255955612994132,-0.0340963253952497,-0.100065123991073,-0.00105839782165811,-0.191911658321856,-0.0513037757723676,4.83673782443388,1,1,1,1,6537.75695883506,35.521123523816
198,1,297125.623339986,0,15563.6571669024,-1672.6515081728,0,0,-4.82849501818183,-2.43232733696108,0.499665141690805,-0.0374500070006328,-0.0342782686914302,-0.100090894208915,4.22399853765211e-05,-0.283896173841195,0.00952566664869825,5.40653127381456,1,1,1,1,6517.75250986213,34.8023809385996
199,1,277926.042900197,0,14537.6491708589,-1672.6515081728,0,0,-4.74555926479445,-2.46440137387057,0.499155655176838,-0.0390330851150581,-0.0344482854078533,-0.100084676667499,0.000107508587533362,-0.271179044972395,0.0446377911084986,5.34729902541569,1,1,1,1,6492.87863921159,33.6944052628217
200,1,263151.360739455,0,15748.9554952288,-1672.6515081728,0,0,-4.79663408529032,-2.46680883149815,0.499719122109566,-0.0382257891827915,-0.0340488703600059,-0.100076590189942,0.00372010036628128,-0.271131766576095,0.0125241103614813,5.39377830090617,1,1,1,1,6533.73501199763,32.3743078498593
201,1,304398.952875554,0,14965.929571214,-1672.6515081728,0,0,-3.35393355942288,-2.42712796674019,0.499957798199102,-0.0403643502872322,-0.0345426801739187,-0.100060322948169,-0.000109671957847593,-0.158677269454239,0.0407042970897924,4.14002662889448,1,1,1,1,6527.86828904989,36.0442198465811
202,1,300059.092953973,0,14778.5439067079,-1672.6515081728,0,0,11.0307906691142,9.80167687863922,0.499589177030754,-0.0494463173570619,-0.0343644109794297,-0.100067023769078,0.00245347319628196,-0.136183017305647,-0.0342018541800615,14.7563956445694,1,1,1,1,6535.14107538854,42.195750224922
203,1,269975.494736608,0,13747.1431368475,-1672.6515081728,0,0,-3.47588901313626,-2.48570343004412,0.49930343343933,-0.0420769909484018,-0.0344152578698251,-0.100064194652585,-0.00226178569312376,-0.13350336588842,0.013428315900932,4.27323366711609,1,1,1,1,6479.3035408478,33.2392702733293
204,1,298392.788217073,0,14797.0044031278,-1672.6515081728,0,0,-3.88704733595225,-2.46167429617213,0.499168253639533,-0.0306098856578713,-0.0344434039530174,-0.100062755886304,-0.00226100456164475,-0.191061250896097,0.0418439967064035,4.60097569352068,1,1,1,1,6510.84848747324,37.0121539871307
205,1,284801.233392994,0,16451.9329438795,-1672.6515081728,0,0,-3.45681509197661,-2.44580185578923,0.499465083796555,-0.0491478107203262,-0.0342892133663863,-0.100067605951701,0.000387461986591193,-0.137837915106093,0.0393168304510033,4.23456223214387,1,1,1,1,6525.2471618148,33.2742806571362
206,1,312262.450190398,0,15455.0004761277,-1672.6515081728,0,0,-2.53936981547366,-2.72613968193129,0.499528079686706,-0.0519682480053327,-0.034442853611793,-0.100046260831627,-0.00208088566599964,-0.188933886356554,0.0465999148400828,3.72561895866165,1,1,1,1,6525.22131549113,36.9112417043924
207,1,310540.757139112,0,16105.8695038668,-1672.6515081728,0,0,-3.48634450004156,-2.59981055262292,0.499000937698193,-0.0535772114583568,-0.0343118210707784,-0.100072845617979,0.00270821282157258,-0.211282899602271,0.0467767025369394,4.34897837227314,1,1,1,1,6572.55462521014,35.8671084932038
208,1,305131.757467127,0,13893.7346330472,-1672.6515081728,0,0,3.43984228029183,-3.19893773155287,0.499870977475606,-0.0510951989394632,-0.034142996484012,-0.100053025078782,-0.00309113584680094,-0.18688251563901,-0.041835023160326,4.69741604753463,1,1,1,1,6458.08378223287,36.4210963310932
209,1,313810.919516222,0,13851.9245668872,-1672.6515081728,0,0,5.52856210339111,-3.0826917508983,0.499466874196163,-0.0384669797745693,-0.0344009225095585,-0.100078367458413,-0.00310245840508064,-0.282102156763135,-0.0417992055643755,6.32992791128847,1,1,1,1,6534.52714469572,37.259286108122
210,1,300190.49725818,0,13692.6268112254,-1672.6515081728,0,0,0.230943577367478,-3.43751826473053,0.499530459933706,-0.0542570824790879,-0.0341647776510015,-0.10006851858319,0.00428774894957777,-0.187925405434078,0.0725545949796209,3.44526729823438,1,1,1,1,6469.38518406721,36.243984977716
211,1,276075.301765869,0,13534.8616197243,-1672.6515081728,0,0,-4.50672229498465,-2.48915522607632,0.499703944748675,-0.0531052640304423,-0.0342774178900113,-0.100065143851222,0.00101085324852758,-0.185625768896364,0.0406576343845409,5.14844050015292,1,1,1,1,6475.55801691661,34.0506874039176
212,1,283224.68085538,0,15584.9456583796,-1672.6515081728,0,0,-2.77585779862818,-2.70506317007023,0.499990803235851,-0.0265388273214641,-0.0340829994848365,-0.100074709272389,-6.69703008245884e-05,-0.213793347761461,0.0255128092461782,3.87591966793371,1,1,1,1,6510.95075746702,34.2957600905672
213,1,305648.662395291,0,14226.1350475876,-1672.6515081728,0,0,0.288315588128166,-3.36427541883382,0.499529834413627,-0.0502416436449609,-0.0341266957583582,-0.100071397563475,-0.000892963289376146,-0.193804101939105,-0.0152324138383216,3.37660702068321,1,1,1,1,6484.23865009939,35.6446895843119
214,1,268752.38635501,0,15178.9460504607,-1672.6515081728,0,0,-4.69130829673326,-2.5026230953857,0.499267434752489,-0.0478432058909692,-0.0342996579708535,-0.100078809995038,-0.000953067406335251,-0.239344786420945,0.0299394463261639,5.31709468531041,1,1,1,1,6511.160693278,33.2742806571363
215,1,279402.097913487,0,13599.6093263741,-1672.6515081728,0,0,-4.13148607634658,-2.48115892070205,0.499628984747859,-0.0264761463611561,-0.0340710522041186,-0.100066981708711,-0.0014878034424113,-0.226696801952248,0.0637861209626332,4.81926620854514,1,1,1,1,6478.1246767028,34.7797271608422
216,1,283481.115730711,0,15901.7600973272,-1672.6515081728,0,0,-4.7840417123072,-2.47203607282329,0.49950023444681,-0.0519554912225816,-0.0340951818740781,-0.100068666890146,-0.000453596949210435,-0.190031385676024,-0.0399319349575915,5.38498072888239,1,1,1,1,6516.37555810834,33.7953175455597
217,1,270198.877017895,0,13594.7584344769,-1672.6515081728,0,0,-3.00900254783552,-2.46071486261452,0.499463532032391,-0.0524091570984388,-0.0341709571467127,-0.10005622768404,-0.00257562882475638,-0.167167260533187,0.0459812390913649,3.88705723754779,1,1,1,1,6476.49124905437,33.2845778288444
218,1,263511.969757591,0,15642.2607963973,-1672.6515081728,0,0,-3.9985535087051,-2.48561462703566,0.499070347508807,-0.0551335810981983,-0.0340154734555294,-0.100073919648055,-0.00165596081011942,-0.19456851635753,0.0325924459296973,4.70815359096445,1,1,1,1,6530.77020467632,32.3269408600026
219,1,280154.019723457,0,15142.7771284612,-1672.6515081728,0,0,-4.27509505925944,-2.50748707564211,0.499915972478419,-0.0291805143225891,-0.0340812949553614,-0.100070170653019,0.00151389591834042,-0.210328183356691,-0.0162622261724671,4.9562010855308,1,1,1,1,6502.50039597253,33.5008184347117
220,1,286687.912708693,0,13744.8899460918,-1672.6515081728,0,0,-4.91269136353034,-2.46640070632518,0.499488558733365,-0.0529362293644696,-0.0342071143788894,-0.100069008471821,-0.00388949795454808,-0.24272000267404,0.0323846246178521,5.497060021272,1,1,1,1,6485.68765449823,35.2492781907257
221,1,274808.0877244,0,16427.5957674574,-1672.6515081728,0,0,-2.75553337351652,-2.48809034467979,0.499266456204518,-0.0229521819133066,-0.0342678323309015,-0.100073145589136,-0.00131280994406791,-0.174228834516819,-0.0360032327649308,3.71262141025074,1,1,1,1,6532.8498150563,33.9889043736695
222,1,271046.111172019,0,15166.0906528129,-1672.6515081728,0,0,-3.92183949501505,-2.56554882205272,0.499220509855791,-0.0291216270683966,-0.0344034754110656,-0.100073357955924,0.00208279303984802,-0.205077219614012,0.0337507763880387,4.68645556716331,1,1,1,1,6509.13106460327,33.1836655461061
223,1,273728.533234137,0,14098.6273527874,-1672.6515081728,0,0,-3.86293748653513,-2.47365582035991,0.499573055209042,-0.0273156361794041,-0.0343739655544266,-0.10006925621505,-0.00204606163587493,-0.226855180645885,0.057835706580869,4.58707522747108,1,1,1,1,6485.02793176782,34.0403902322096
224,1,264682.910720417,0,16104.8175162251,-1672.6515081728,0,0,-3.74731814926367,-2.47779991596683,0.499288551881282,-0.0473097463904589,-0.0343348539982152,-0.100060186287792,-0.00110468483058012,-0.130213672699649,0.0567547247186174,4.49242537337751,1,1,1,1,6539.82915857707,32.4072587993248
225,1,303498.382607141,0,16462.9486912082,-1672.6515081728,0,0,-4.7665358523292,-2.72178457397503,0.499699350321923,-0.0354779473762533,-0.0343052659629596,-0.10009354831792,-0.00436545892030067,-0.286590026628686,0.0632577583159525,5.48889563561451,1,1,1,1,6534.53152998854,35.2863480088742
226,1,310695.510398686,0,14960.0068242741,-1672.6515081728,0,0,-0.542696437600412,-3.41876580256226,0.499197937103262,-0.0540604217230006,-0.0343176405954492,-0.100073447708524,-0.00171405214160798,-0.178906431787669,0.0451742984621307,3.46157175805347,1,1,1,1,6511.54302017012,35.7435424327084
227,1,312644.675806804,0,16237.0900368501,-1672.6515081728,0,0,-4.0891998560197,-2.5866676911885,0.499944816054018,-0.0567555795192712,-0.0343744395525891,-0.100066593503423,-0.00318717314745887,-0.237268592808091,0.0210075848896139,4.83863670956086,1,1,1,1,6578.47709073624,36.0071500284322
228,1,296566.680964257,0,15647.4748940463,-1672.6515081728,0,0,-3.30968532196992,-2.46875769162949,0.499472637802177,-0.0380437968274512,-0.034265781275855,-0.10006147309186,-0.00103569105870289,-0.155490859112626,-0.00502915535305065,4.12901701019055,1,1,1,1,6517.99182218067,34.9074120900209
229,1,270905.161086719,0,16063.1552801087,-1672.6515081728,0,0,-4.1197253991079,-2.45909998656597,0.499678385781931,-0.026281989500387,-0.0344296689076053,-0.100074924076257,0.00185450958933778,-0.230052504174403,-0.0401487529538626,4.79784431885649,1,1,1,1,6529.4456638384,33.193962717814
230,1,274815.488358473,0,14577.7001081993,-1672.6515081728,0,0,-3.04543411217595,-2.47368104611612,0.499933283488589,-0.0540807220977342,-0.0345556586744826,-0.100057785651946,-0.0015412075686281,-0.178296461982829,-0.0335225136661798,3.92348911678356,1,1,1,1,6493.62829257303,32.864453223159
231,1,269969.708747951,0,15470.2099936239,-1672.6515081728,0,0,-2.81127957774464,-2.47920950543139,0.499684694585085,-0.0261820497441258,-0.0340991173533996,-0.100069128538673,0.00129106733325556,-0.209644902604494,0.0654606041172459,3.74830263400188,1,1,1,1,6517.70113431107,33.1548334653238
232,1,305279.450203094,0,14208.1513900394,-1672.6515081728,0,0,1.53363268224532,-3.4007023642547,0.499182424495125,-0.046983482175357,-0.0340319266420064,-0.100066539937074,-0.00207015966513096,-0.153520267491786,0.0239253434189495,3.73052352549859,1,1,1,1,6484.04703440912,35.6879377054854
233,1,270330.594632748,0,14792.6625709854,-1672.6515081728,0,0,-3.66096977439954,-2.50104995680354,0.499014441070392,-0.0285751496279848,-0.0344549531115993,-0.100070412707389,0.0050523159924139,-0.214133527120315,-0.05036425521671,4.43372874401378,1,1,1,1,6500.94184977999,32.9427117281395
234,1,296229.670823743,0,13610.0142808006,-1672.6515081728,0,0,-3.26163366098824,-2.65826427351989,0.499346614796461,-0.0248648800156319,-0.0339543370668149,-0.100070694545591,-0.00169359860907281,-0.172442533259841,0.0583815024555691,4.20768619152662,1,1,1,1,6472.23247855558,36.5529001289552
235,1,298930.774762104,0,15256.0630931903,-1672.6515081728,0,0,-3.75451833667243,-2.45386366364637,0.499469877375686,-0.0308447020791579,-0.0344710518603307,-0.100069637904421,-0.0021369268442569,-0.154227003227079,-0.0385080842460006,4.48529316992473,1,1,1,1,6515.47258197224,35.7023537458765
236,1,272419.44409379,0,15093.5085840031,-1672.6515081728,0,0,-3.94860960717539,-2.55633289470207,0.499387538314538,-0.0255699219165756,-0.034380497969166,-0.100067915519808,-0.000150943963213181,-0.187900593486475,-0.0378516878587849,4.70386603746468,1,1,1,1,6505.88420986412,33.366955202508
237,1,262780.954287659,0,14448.4683149303,-1672.6515081728,0,0,-3.49434892758076,-2.48455671237364,0.499100127143126,-0.0258436935056207,-0.0344364238465772,-0.100077791949174,-0.00302495296575958,-0.236501768765747,-0.015396251906864,4.2875979854326,1,1,1,1,6500.9224195314,32.8067890615943
238,1,262910.008721754,0,13514.8199428032,-1672.6515081728,0,0,-4.32467419255382,-2.49540489535335,0.499974064141037,-0.0406834509025826,-0.0343586740137666,-0.100085779229198,-0.00267712835241512,-0.319278319033601,0.0013526826382636,4.99298031875697,1,1,1,1,6478.06746859559,33.3793118085577
239,1,297501.792794253,0,14966.5397407708,-1672.6515081728,0,0,-4.61139793108126,-2.46444376126948,0.499462210215513,-0.0282119632145813,-0.0345303452286518,-0.100074077519197,-0.00194612247809772,-0.21609613487709,-0.0517802734886965,5.22862065283384,1,1,1,1,6513.17514968373,35.4016763320036
240,1,268587.731543941,0,14105.5603563688,-1672.6515081728,0,0,-4.05376742999669,-2.47020112532223,0.499076970091134,-0.0263649730662482,-0.0344810166163572,-0.100072205101918,0.00191459176207331,-0.225068638675523,-0.052758624679364,4.74709637315751,1,1,1,1,6487.28700794125,33.0539211825857
241,1,316651.228193658,0,16104.4267631325,-1672.6515081728,0,0,-3.40156450977901,-2.65214139563936,0.499519518077561,-0.0533443991270444,-0.034464439043149,-0.10004945657231,0.000914783113461169,-0.190707995422722,-0.0614108892093399,4.31329283687672,1,1,1,1,6537.58668191064,36.0895274020961
242,1,300599.236598846,0,14991.5242920253,-1672.6515081728,0,0,64.6130984636588,-1.35031296592792,0.419590801363571,2.23895299621755,0.0287425801254998,-22.4884753752193,0.242747893562094,0.268099337193076,0.0402846238463806,64.6272066407053,0,0,1,0,6140.99236675894,33.7809015051698
243,1,310803.965961411,0,15568.5802530947,-1672.6515081728,0,0,-3.49117972544507,-2.36230227251121,0.499239764310068,-0.0305684929191355,-0.0344941609944952,-0.100064280022657,0.000795186083297519,-0.186267760961691,-0.0416730764506362,4.21530638294185,1,1,1,1,6523.92667203926,36.5940888157869
244,1,272988.727457094,0,13819.779090924,-1672.6515081728,0,0,-3.23643342879239,-2.45978313645476,0.499655404261045,-0.0518724812060522,-0.0344674196151288,-0.100067011248103,-0.000519251233580465,-0.229484248468572,-0.0500964376599266,4.06509955811565,1,1,1,1,6479.52615623859,33.4534514448551
245,1,318359.069749508,0,16112.2603510118,-1672.6515081728,0,0,-0.995291501996548,-3.58190825198269,0.499140483160279,-0.056423020210395,-0.0344385239127829,-0.100064119996686,-0.00138598784916409,-0.221746409794834,0.0402959436529287,3.71761642717054,1,1,1,1,6549.09211748733,36.4046208563601
246,1,293327.737044786,0,14481.0994846897,-1672.6515081728,0,0,-3.41241902860916,-2.48108033989632,0.499102933561434,-0.0496671156695656,-0.0344401931381684,-0.100054659860005,0.00435341305958346,-0.141846930614053,-0.0314962656409096,4.21904767451542,1,1,1,1,6501.43624180467,34.9403630394865
247,1,307269.280092819,0,15953.5026485251,-1672.6515081728,0,0,-4.67599432591384,-2.87575676922511,0.499300431108757,-0.0488676382698547,-0.0342186390644874,-0.100064732316444,-0.00216304466737349,-0.152128547469932,0.0781959128128259,5.48952638501014,1,1,1,1,6562.13501432921,36.674406755109
248,1,292023.64773225,0,14688.5180748278,-1672.6515081728,0,0,-3.46453993331205,-2.46402449589373,0.499519184398365,-0.054734829706234,-0.0345299440515138,-0.100068536608655,-0.00254806906057641,-0.21454058302648,0.0519640512671217,4.25140608103698,1,1,1,1,6500.95496021309,34.6602799690296
249,1,282996.858782207,0,14181.8088817895,-1672.6515081728,0,0,-4.88265201868834,-2.45646995861437,0.499722108921108,-0.0544810108926738,-0.0345519944809854,-0.100071463605019,-0.000400705473178837,-0.223630589280671,0.00886089137211563,5.46576027586064,1,1,1,1,6488.15232598729,34.0136175857689
250,1,295436.791578297,0,14639.3573405377,-1672.6515081728,0,0,-3.19290539216715,-2.52669945836712,0.499611750110162,-0.0262247090098508,-0.0344642012573389,-0.100066255720661,0.00258542250678692,-0.214075086377586,-0.0152349242968873,4.07171401208911,1,1,1,1,6503.1074377029,35.1957328978442
